Employee_ID,Employee_Name,Department,City,Joining_Date,Monthly_Salary,Attendance_Percentage,Performance_Rating,Email,Phone
EMP0001,Priya Reddy,Sales,Chennai,2021-05-16,78265.0,97.3,2.7,priya.reddy@gmail.com,9553035110
EMP0002,Rahul Sharma,Sales,Hyderabad,2021-03-23,69453.0,92.9,4.3,rahul.sharma@gmail.com,9550455977
EMP0003,Sneha Rao,Finance,Pune,2021-07-23,30425.0,83.5,2.9,sneha.rao@gmail.com,9919795579
EMP0004,Anjali Verma,Sales,Hyderabad,2022-02-17,85541.0,95.2,4.3,anjali.verma@gmail.com,9675770529
EMP0005,Priya Reddy,Finance,Hyderabad,2023-02-04,71198.0,92.6,2.6,priya.reddy@gmail.com,9344703907
EMP0006,Vikram Singh,Sales,Bengaluru,2024-11-09,48217.0,84.1,3.4,vikram.singh@gmail.com,9324956459
EMP0007,Vikram Singh,Information Technology,Hyderabad,2023-06-01,65005.0,84.5,5.0,vikram.singh@gmail.com,9787194506
EMP0008,Aman Das,HR,Chennai,2024-09-22,33665.0,95.1,3.5,aman.das@gmail.com,9171069472
EMP0009,Sneha Rao,Marketing,Chennai,2021-03-11,55928.0,78.5,4.4,sneha.rao@gmail.com,9678722458
EMP0010,Vikram Singh,Information Technology,Pune,2022-05-27,56175.0,99.9,3.8,vikram.singh@gmail.com,9197613238
EMP0011,Rahul Sharma,Sales,Bengaluru,2023-07-09,74596.0,84.6,4.0,rahul.sharma@gmail.com,9602564736
EMP0012,Aman Das,IT,Pune,2024-10-28,74583.0,88.4,3.2,aman.das@gmail.com,9788227492
EMP0013,Anjali Verma,Sales,Chennai,2022-06-09,30212.0,94.0,3.8,anjali.verma@gmail.com,9214257751
EMP0014,Vikram Singh,Information Technology,Pune,2023-06-01,54504.0,94.5,3.8,vikram.singh@gmail.com,9100614068
EMP0015,Pooja Nair,IT,Mumbai,2020-02-09,53788.0,81.0,3.9,pooja.nair@gmail.com,9184564737
EMP0016,Priya Reddy,Information Technology,Mumbai,2024-07-29,79846.0,86.9,3.9,priya.reddy@gmail.com,9384602384
EMP0017,Aman Das,Marketing,Mumbai,2021-03-09,79497.0,85.0,4.2,aman.das@gmail.com,9500957212
EMP0018,Neha Gupta,Marketing,Mumbai,2020-09-04,34196.0,,3.9,neha.gupta@gmail.com,9731832764
EMP0019,Sneha Rao,Sales,Hyderabad,2023-12-20,45003.0,96.5,2.7,sneha.rao@gmail.com,9355555531
EMP0020,Vikram Singh,Information Technology,Mumbai,2021-03-14,77405.0,86.8,3.5,vikram.singh@gmail.com,9201281557
EMP0021,Priya Reddy,Information Technology,Mumbai,2021-12-26,60606.0,99.6,2.7,priya.reddy@gmail.com,9532311310
EMP0022,Anjali Verma,Sales,Bengaluru,2021-01-27,59400.0,82.0,3.1,anjali.verma@gmail.com,9180943908
EMP0023,Neha Gupta,Marketing,Hyderabad,2020-04-13,65427.0,98.2,4.6,neha.gupta@gmail.com,9278575192
EMP0024,Kiran Patel,Finance,Mumbai,2021-03-13,89142.0,75.1,3.5,kiran.patel@gmail.com,9941889393
EMP0025,Neha Gupta,IT,Mumbai,2023-11-27,81338.0,82.4,4.9,neha.gupta@gmail.com,9721890096
EMP0026,Aman Das,Sales,Chennai,2020-04-27,61246.0,87.7,4.6,aman.das@gmail.com,9173574218
EMP0027,Pooja Nair,Sales,Bengaluru,2022-04-06,88345.0,76.0,2.7,pooja.nair@gmail.com,9805849060
EMP0028,Pooja Nair,Marketing,Pune,2021-10-09,43386.0,84.9,4.2,pooja.nair@gmail.com,9422119408
EMP0029,Neha Gupta,IT,Hyderabad,2020-01-20,66896.0,80.3,3.2,neha.gupta@gmail.com,9474745382
EMP0030,Priya Reddy,HR,Chennai,2021-08-06,84640.0,99.7,4.1,priya.reddy@gmail.com,9108399996
EMP0031,Aman Das,IT,Hyderabad,2024-12-03,37564.0,78.9,3.2,aman.das@gmail.com,9326161867
EMP0032,Anjali Verma,HR,Chennai,2022-11-01,89332.0,85.6,3.2,anjali.verma@gmail.com,9103807155
EMP0033,Anjali Verma,HR,Chennai,2020-11-26,66154.0,77.8,4.9,anjali.verma@gmail.com,9841976666
EMP0034,Arjun Kumar,Marketing,Hyderabad,2024-09-05,66210.0,76.0,3.4,arjun.kumar@gmail.com,9954829815
EMP0035,Rahul Sharma,IT,Bengaluru,2023-10-28,36736.0,97.1,3.5,rahul.sharma@gmail.com,9766430218
EMP0036,Arjun Kumar,HR,Bengaluru,2024-06-26,87764.0,,4.3,arjun.kumar@gmail.com,9456681425
EMP0037,Kiran Patel,Information Technology,Bengaluru,2021-06-30,75958.0,76.0,3.7,kiran.patel@gmail.com,9314289692
EMP0038,Neha Gupta,IT,Chennai,2024-08-07,44915.0,,3.0,neha.gupta@gmail.com,9452468587
EMP0039,Vikram Singh,Sales,Chennai,2021-12-20,56193.0,77.9,4.9,vikram.singh@gmail.com,9291735734
EMP0040,Pooja Nair,IT,Hyderabad,2020-08-10,52654.0,99.6,2.8,pooja.nair@gmail.com,9719106699
EMP0041,Sneha Rao,IT,Hyderabad,2023-12-22,64073.0,76.7,4.2,sneha.rao@gmail.com,9454549587
EMP0042,Pooja Nair,IT,Hyderabad,2024-01-14,63234.0,83.2,4.2,pooja.nair@gmail.com,9695295870
EMP0043,Arjun Kumar,HR,Mumbai,2023-09-23,74388.0,82.5,3.9,arjun.kumar@gmail.com,9100435874
EMP0044,Vikram Singh,IT,Bengaluru,2022-05-30,69758.0,86.1,3.0,vikram.singh@gmail.com,9608079792
EMP0045,Arjun Kumar,Information Technology,Hyderabad,2021-08-04,71480.0,98.8,3.1,arjun.kumar@gmail.com,9433310361
EMP0046,Sneha Rao,HR,Bengaluru,2020-02-20,,94.2,3.6,sneha.rao@gmail.com,9776205431
EMP0047,Pooja Nair,HR,Mumbai,2022-10-09,39671.0,96.5,4.7,pooja.nair@gmail.com,9935822550
EMP0048,Kiran Patel,HR,Bengaluru,2024-07-04,63944.0,81.2,4.6,kiran.patel@gmail.com,9590122159
EMP0049,Arjun Kumar,Finance,Pune,2023-02-18,79496.0,93.0,3.8,arjun.kumar@gmail.com,9991816852
EMP0050,Aman Das,Finance,Bengaluru,2024-03-03,59495.0,96.0,3.2,aman.das@gmail.com,9935021998
EMP0051,Aman Das,Finance,Bengaluru,2021-07-16,76762.0,83.4,4.7,aman.das@gmail.com,9186519602
EMP0052,Arjun Kumar,HR,Bengaluru,2022-02-23,76295.0,85.2,3.9,arjun.kumar@gmail.com,9546434187
EMP0053,Rahul Sharma,HR,Mumbai,2022-03-08,68278.0,94.1,3.5,rahul.sharma@gmail.com,9106330865
EMP0054,Anjali Verma,IT,Mumbai,2024-10-13,84770.0,93.4,4.5,anjali.verma@gmail.com,9336801619
EMP0055,Neha Gupta,HR,Chennai,2022-06-11,55484.0,95.0,4.3,neha.gupta@gmail.com,9601856351
EMP0056,Arjun Kumar,Marketing,Pune,2020-02-25,68790.0,85.7,4.7,arjun.kumar@gmail.com,9295130056
EMP0057,Rahul Sharma,IT,Mumbai,2021-11-01,51420.0,84.5,4.4,rahul.sharma@gmail.com,9993271900
EMP0058,Kiran Patel,IT,Hyderabad,2022-08-21,,83.7,4.1,kiran.patel@gmail.com,9938842599
EMP0059,Rahul Sharma,Sales,Bengaluru,2021-02-12,70719.0,86.8,2.8,rahul.sharma@gmail.com,9334037646
EMP0060,Neha Gupta,Information Technology,Chennai,2024-04-19,69707.0,79.1,3.3,neha.gupta@gmail.com,9721358005
EMP0061,Rahul Sharma,IT,Pune,2023-10-19,54596.0,80.0,4.0,rahul.sharma@gmail.com,9991819497
EMP0062,Sneha Rao,Sales,Chennai,2024-10-07,82791.0,89.1,2.6,sneha.rao@gmail.com,9672030854
EMP0063,Kiran Patel,Information Technology,Chennai,2020-05-21,52362.0,95.6,2.8,kiran.patel@gmail.com,9488896443
EMP0064,Neha Gupta,Information Technology,Bengaluru,2022-06-10,64193.0,98.0,4.4,neha.gupta@gmail.com,9599154414
EMP0065,Kiran Patel,Information Technology,Pune,2021-07-03,46088.0,86.3,4.4,kiran.patel@gmail.com,9711871397
EMP0066,Pooja Nair,Information Technology,Mumbai,2021-11-19,,80.3,4.5,pooja.nair@gmail.com,9465436049
EMP0067,Vikram Singh,Marketing,Chennai,2023-02-12,,93.0,3.7,vikram.singh@gmail.com,9914073098
EMP0068,Sneha Rao,Information Technology,Mumbai,2023-08-15,59371.0,80.5,4.2,sneha.rao@gmail.com,9428786222
EMP0069,Pooja Nair,IT,Mumbai,2023-02-07,57885.0,86.3,3.3,pooja.nair@gmail.com,9347538338
EMP0070,Priya Reddy,Information Technology,Bengaluru,2021-10-08,65118.0,93.5,3.2,priya.reddy@gmail.com,9733064117
EMP0071,Aman Das,Marketing,Chennai,2020-07-24,49414.0,82.6,4.3,aman.das@gmail.com,9235917419
EMP0072,Vikram Singh,Sales,Hyderabad,2023-02-07,38275.0,75.3,3.2,vikram.singh@gmail.com,9614015466
EMP0073,Neha Gupta,IT,Bengaluru,2020-04-15,86473.0,76.6,3.7,neha.gupta@gmail.com,9719571745
EMP0074,Rahul Sharma,HR,Bengaluru,2024-07-19,49912.0,78.0,4.4,rahul.sharma@gmail.com,9751028618
EMP0075,Pooja Nair,Marketing,Bengaluru,2024-05-07,59524.0,89.7,3.6,pooja.nair@gmail.com,9710561240
EMP0076,Pooja Nair,Sales,Pune,2024-02-24,79986.0,81.6,2.7,pooja.nair@gmail.com,9357553274
EMP0077,Arjun Kumar,Marketing,Hyderabad,2020-11-16,,86.7,2.6,arjun.kumar@gmail.com,9409350265
EMP0078,Vikram Singh,Information Technology,Mumbai,2020-05-25,47337.0,88.6,4.1,vikram.singh@gmail.com,9385220694
EMP0079,Arjun Kumar,Sales,Hyderabad,2020-12-05,68996.0,86.7,3.3,arjun.kumar@gmail.com,9532190231
EMP0080,Vikram Singh,Marketing,Pune,2022-10-08,69192.0,93.4,4.0,vikram.singh@gmail.com,9127772220
EMP0081,Priya Reddy,HR,Pune,2023-04-17,80119.0,94.1,2.9,priya.reddy@gmail.com,9657233178
EMP0082,Neha Gupta,IT,Bengaluru,2023-04-13,83362.0,86.8,3.5,neha.gupta@gmail.com,9444733679
EMP0083,Priya Reddy,HR,Chennai,2022-04-23,48888.0,88.8,3.6,priya.reddy@gmail.com,9437710224
EMP0084,Vikram Singh,IT,Hyderabad,2024-05-01,63724.0,88.6,3.5,vikram.singh@gmail.com,9301415220
EMP0085,Aman Das,IT,Pune,2024-03-29,58969.0,88.7,4.8,aman.das@gmail.com,9570423569
EMP0086,Neha Gupta,Sales,Hyderabad,2023-07-14,45682.0,75.3,3.5,neha.gupta@gmail.com,9341270488
EMP0087,Priya Reddy,Finance,Hyderabad,2023-08-19,62661.0,81.8,4.6,priya.reddy@gmail.com,9607042130
EMP0088,Sneha Rao,Finance,Pune,2020-10-23,69280.0,81.9,4.5,sneha.rao@gmail.com,9545541033
EMP0089,Anjali Verma,Marketing,Chennai,2024-08-07,,89.5,4.1,anjali.verma@gmail.com,9259553112
EMP0090,Neha Gupta,Marketing,Mumbai,2021-12-07,79995.0,83.0,3.0,neha.gupta@gmail.com,9848933239
EMP0091,Sneha Rao,Marketing,Mumbai,2021-04-23,56920.0,86.8,4.8,sneha.rao@gmail.com,9509343829
EMP0092,Kiran Patel,Information Technology,Bengaluru,2022-10-11,38273.0,96.9,3.6,kiran.patel@gmail.com,9664735673
EMP0093,Neha Gupta,Sales,Bengaluru,2022-04-19,40116.0,99.2,3.3,neha.gupta@gmail.com,9843785903
EMP0094,Kiran Patel,Information Technology,Hyderabad,2024-10-10,74194.0,90.7,4.7,kiran.patel@gmail.com,9623929617
EMP0095,Aman Das,Sales,Pune,2020-05-20,74852.0,93.7,3.6,aman.das@gmail.com,9205702499
EMP0096,Priya Reddy,Finance,Bengaluru,2023-11-22,31897.0,76.4,3.4,priya.reddy@gmail.com,9562446417
EMP0097,Arjun Kumar,HR,Pune,2022-04-23,81938.0,77.0,4.7,arjun.kumar@gmail.com,9765408938
EMP0098,Sneha Rao,Finance,Pune,2020-10-20,71805.0,91.7,4.7,sneha.rao@gmail.com,9599561877
EMP0099,Vikram Singh,Information Technology,Pune,2020-11-19,52646.0,85.6,3.1,vikram.singh@gmail.com,9424400672
EMP0100,Sneha Rao,Finance,Mumbai,2020-08-06,67481.0,99.8,3.2,sneha.rao@gmail.com,9991246046
EMP0101,Kiran Patel,IT,Hyderabad,2023-03-05,81007.0,93.6,4.6,kiran.patel@gmail.com,9407298630
EMP0102,Sneha Rao,Marketing,Chennai,2021-03-24,70690.0,93.0,4.1,sneha.rao@gmail.com,9246865585
EMP0103,Priya Reddy,Information Technology,Hyderabad,2021-09-24,32186.0,77.3,3.2,priya.reddy@gmail.com,9902601465
EMP0104,Kiran Patel,HR,Bengaluru,2020-09-27,87439.0,97.8,4.6,kiran.patel@gmail.com,9375919523
EMP0105,Neha Gupta,IT,Chennai,2024-07-05,34934.0,80.6,4.2,neha.gupta@gmail.com,9824138175
EMP0106,Kiran Patel,Marketing,Chennai,2020-07-03,30912.0,86.4,4.2,kiran.patel@gmail.com,9821920438
EMP0107,Vikram Singh,Marketing,Mumbai,2024-08-11,54344.0,86.8,4.0,vikram.singh@gmail.com,9702806585
EMP0108,Anjali Verma,Marketing,Bengaluru,2023-08-19,83992.0,82.6,3.5,anjali.verma@gmail.com,9250084428
EMP0109,Rahul Sharma,Sales,Chennai,2022-10-05,45387.0,84.3,4.9,rahul.sharma@gmail.com,9847843987
EMP0110,Aman Das,Finance,Pune,2024-02-29,88026.0,95.8,4.0,aman.das@gmail.com,9400368694
EMP0111,Rahul Sharma,Information Technology,Chennai,2021-03-20,45473.0,92.1,3.9,rahul.sharma@gmail.com,9792377512
EMP0112,Anjali Verma,Sales,Mumbai,2021-07-19,38005.0,80.3,4.1,anjali.verma@gmail.com,9122932394
EMP0113,Rahul Sharma,IT,Bengaluru,2020-09-14,43448.0,88.9,4.0,rahul.sharma@gmail.com,9973008988
EMP0114,Sneha Rao,IT,Bengaluru,2024-06-03,30185.0,78.6,2.8,sneha.rao@gmail.com,9369137895
EMP0115,Arjun Kumar,Sales,Hyderabad,2020-09-26,,75.4,3.2,arjun.kumar@gmail.com,9236105947
EMP0116,Kiran Patel,Marketing,Hyderabad,2024-03-07,59378.0,77.7,3.8,kiran.patel@gmail.com,9760465943
EMP0117,Rahul Sharma,Information Technology,Pune,2021-09-09,32041.0,96.2,3.6,rahul.sharma@gmail.com,9215923129
EMP0118,Neha Gupta,Information Technology,Mumbai,2020-05-30,51109.0,81.9,4.1,neha.gupta@gmail.com,9688793237
EMP0119,Anjali Verma,Finance,Pune,2022-12-22,63131.0,92.5,4.6,anjali.verma@gmail.com,9798916441
EMP0120,Aman Das,Information Technology,Bengaluru,2022-05-30,44974.0,86.3,3.5,aman.das@gmail.com,9202097643
EMP0121,Anjali Verma,Finance,Chennai,2023-09-24,40003.0,95.8,2.7,anjali.verma@gmail.com,9203685265
EMP0122,Anjali Verma,HR,Pune,2020-05-02,66804.0,85.3,4.7,anjali.verma@gmail.com,9905611583
EMP0123,Kiran Patel,Information Technology,Hyderabad,2021-08-12,53045.0,80.3,4.1,kiran.patel@gmail.com,9340781088
EMP0124,Priya Reddy,IT,Pune,2022-01-22,48256.0,96.1,4.9,priya.reddy@gmail.com,9978779150
EMP0125,Pooja Nair,Marketing,Pune,2020-02-23,73111.0,,3.2,pooja.nair@gmail.com,9918630985
EMP0126,Vikram Singh,IT,Chennai,2020-01-13,39388.0,93.5,4.9,vikram.singh@gmail.com,9198524063
EMP0127,Aman Das,HR,Mumbai,2022-05-09,40315.0,83.1,4.9,aman.das@gmail.com,9740190407
EMP0128,Priya Reddy,Sales,Bengaluru,2020-11-18,33261.0,91.5,3.7,priya.reddy@gmail.com,9574641329
EMP0129,Kiran Patel,IT,Bengaluru,2024-03-26,52621.0,92.0,4.0,kiran.patel@gmail.com,9665791188
EMP0130,Vikram Singh,Sales,Bengaluru,2022-03-20,33590.0,98.6,4.4,vikram.singh@gmail.com,9920511515
EMP0131,Vikram Singh,IT,Chennai,2020-09-02,,84.5,4.3,vikram.singh@gmail.com,9637152602
EMP0132,Aman Das,Information Technology,Chennai,2020-05-27,78630.0,86.5,2.7,aman.das@gmail.com,9436146289
EMP0133,Pooja Nair,Finance,Pune,2022-04-08,57373.0,75.5,3.3,pooja.nair@gmail.com,9960413104
EMP0134,Pooja Nair,Finance,Chennai,2020-06-29,36937.0,85.0,2.7,pooja.nair@gmail.com,9433154770
EMP0135,Anjali Verma,HR,Chennai,2024-05-14,63455.0,79.8,4.4,anjali.verma@gmail.com,9476990466
EMP0136,Arjun Kumar,HR,Hyderabad,2020-10-26,41370.0,91.4,2.9,arjun.kumar@gmail.com,9929839316
EMP0137,Neha Gupta,Finance,Pune,2024-04-05,74638.0,90.7,2.9,neha.gupta@gmail.com,9173321814
EMP0138,Neha Gupta,Finance,Chennai,2024-06-18,33681.0,82.8,3.6,neha.gupta@gmail.com,9161085229
EMP0139,Anjali Verma,IT,Hyderabad,2023-08-13,86052.0,87.7,3.7,anjali.verma@gmail.com,9695192667
EMP0140,Rahul Sharma,Finance,Pune,2023-08-27,69649.0,98.9,3.6,rahul.sharma@gmail.com,9970768982
EMP0141,Anjali Verma,Information Technology,Hyderabad,2022-10-30,32565.0,99.8,3.8,anjali.verma@gmail.com,9754773573
EMP0142,Arjun Kumar,IT,Chennai,2021-08-02,80755.0,76.3,4.1,arjun.kumar@gmail.com,9459327003
EMP0143,Priya Reddy,IT,Hyderabad,2023-02-16,48621.0,91.4,4.8,priya.reddy@gmail.com,9261462131
EMP0144,Anjali Verma,Sales,Pune,2023-09-21,52925.0,92.5,3.5,anjali.verma@gmail.com,9738920648
EMP0145,Priya Reddy,IT,Pune,2022-02-10,51527.0,95.7,4.3,priya.reddy@gmail.com,9835958147
EMP0146,Aman Das,Sales,Mumbai,2022-11-07,53763.0,80.4,4.9,aman.das@gmail.com,9622129427
EMP0147,Sneha Rao,HR,Bengaluru,2020-11-13,85340.0,88.5,4.3,sneha.rao@gmail.com,9665359037
EMP0148,Rahul Sharma,Information Technology,Chennai,2024-11-29,38588.0,79.5,4.2,rahul.sharma@gmail.com,9770809983
EMP0149,Arjun Kumar,Information Technology,Mumbai,2020-03-30,74326.0,90.3,4.4,arjun.kumar@gmail.com,9941599226
EMP0150,Neha Gupta,HR,Pune,2021-05-04,82993.0,79.9,4.2,neha.gupta@gmail.com,9712483158
EMP0151,Neha Gupta,Finance,Chennai,2024-05-12,64567.0,95.4,4.5,neha.gupta@gmail.com,9248604290
EMP0152,Vikram Singh,Sales,Mumbai,2024-11-25,36723.0,94.1,3.2,vikram.singh@gmail.com,9651208305
EMP0153,Arjun Kumar,Finance,Hyderabad,2021-03-30,87975.0,85.4,3.5,arjun.kumar@gmail.com,9501538092
EMP0154,Sneha Rao,Finance,Hyderabad,2022-02-06,50885.0,91.2,4.5,sneha.rao@gmail.com,9247746438
EMP0155,Rahul Sharma,IT,Mumbai,2023-11-26,79731.0,75.1,2.7,rahul.sharma@gmail.com,9374796224
EMP0156,Sneha Rao,HR,Pune,2024-01-29,57738.0,80.9,2.8,sneha.rao@gmail.com,9356022467
EMP0157,Kiran Patel,Information Technology,Pune,2022-07-25,84833.0,75.4,3.8,kiran.patel@gmail.com,9359779090
EMP0158,Arjun Kumar,IT,Mumbai,2020-01-04,45765.0,91.7,3.8,arjun.kumar@gmail.com,9487195336
EMP0159,Priya Reddy,Marketing,Pune,2022-11-05,63267.0,86.8,4.1,priya.reddy@gmail.com,9500830389
EMP0160,Vikram Singh,Information Technology,Hyderabad,2022-01-01,52596.0,90.7,4.4,vikram.singh@gmail.com,9889401015
EMP0161,Anjali Verma,HR,Hyderabad,2021-12-22,83314.0,92.1,5.0,anjali.verma@gmail.com,9613818935
EMP0162,Arjun Kumar,HR,Hyderabad,2024-01-06,59994.0,76.1,3.0,arjun.kumar@gmail.com,9144996163
EMP0163,Anjali Verma,IT,Pune,2022-03-26,65588.0,93.8,3.0,anjali.verma@gmail.com,9483298103
EMP0164,Rahul Sharma,Information Technology,Chennai,2021-07-13,54118.0,93.6,4.7,rahul.sharma@gmail.com,9515156661
EMP0165,Anjali Verma,HR,Mumbai,2023-11-18,82251.0,93.2,2.7,anjali.verma@gmail.com,9746879296
EMP0166,Arjun Kumar,Marketing,Chennai,2021-10-19,51490.0,90.1,3.6,arjun.kumar@gmail.com,9840629322
EMP0167,Neha Gupta,IT,Mumbai,2020-03-27,89743.0,85.9,4.1,neha.gupta@gmail.com,9949842840
EMP0168,Rahul Sharma,Sales,Mumbai,2022-01-14,79145.0,78.6,4.0,rahul.sharma@gmail.com,9938927341
EMP0169,Neha Gupta,Sales,Bengaluru,2020-05-17,72281.0,98.7,2.6,neha.gupta@gmail.com,9264752975
EMP0170,Neha Gupta,IT,Chennai,2022-06-28,67612.0,85.0,4.1,neha.gupta@gmail.com,9368018471
EMP0171,Priya Reddy,Sales,Bengaluru,2022-10-19,89869.0,81.5,3.6,priya.reddy@gmail.com,9756998124
EMP0172,Vikram Singh,Information Technology,Mumbai,2021-02-13,85890.0,97.5,3.6,vikram.singh@gmail.com,9194264587
EMP0173,Anjali Verma,Information Technology,Chennai,2023-12-24,65531.0,96.3,4.3,anjali.verma@gmail.com,9851854702
EMP0174,Arjun Kumar,IT,Pune,2021-04-04,43171.0,87.4,3.4,arjun.kumar@gmail.com,9714478186
EMP0175,Anjali Verma,Finance,Pune,2020-09-22,35650.0,100.0,4.3,anjali.verma@gmail.com,9664461415
EMP0176,Kiran Patel,Finance,Pune,2020-05-31,50776.0,92.0,3.4,kiran.patel@gmail.com,9990189659
EMP0177,Aman Das,Information Technology,Pune,2021-01-07,38456.0,96.7,4.6,aman.das@gmail.com,9656307931
EMP0178,Arjun Kumar,IT,Bengaluru,2020-11-27,76486.0,98.5,4.7,arjun.kumar@gmail.com,9184675178
EMP0179,Vikram Singh,HR,Pune,2021-07-16,49845.0,79.2,4.9,vikram.singh@gmail.com,9265564833
EMP0180,Arjun Kumar,Information Technology,Pune,2024-01-15,52126.0,75.7,2.6,arjun.kumar@gmail.com,9788755699
EMP0181,Pooja Nair,IT,Bengaluru,2024-04-19,70508.0,90.7,3.2,pooja.nair@gmail.com,9424371087
EMP0182,Neha Gupta,HR,Mumbai,2021-09-01,75128.0,85.4,3.7,neha.gupta@gmail.com,9465278987
EMP0183,Pooja Nair,HR,Chennai,2024-10-30,78116.0,78.3,3.4,pooja.nair@gmail.com,9703068400
EMP0184,Priya Reddy,IT,Bengaluru,2022-08-13,59464.0,76.3,4.9,priya.reddy@gmail.com,9760756497
EMP0185,Kiran Patel,HR,Bengaluru,2024-07-24,67859.0,79.0,5.0,kiran.patel@gmail.com,9601238919
EMP0186,Neha Gupta,IT,Mumbai,2020-02-17,55771.0,80.4,3.4,neha.gupta@gmail.com,9154267347
EMP0187,Vikram Singh,Finance,Pune,2024-09-22,60840.0,96.2,3.6,vikram.singh@gmail.com,9383975609
EMP0188,Anjali Verma,Finance,Chennai,2020-04-02,67373.0,82.2,3.5,anjali.verma@gmail.com,9583564328
EMP0189,Aman Das,IT,Pune,2023-10-25,38432.0,94.9,3.3,aman.das@gmail.com,9492566853
EMP0190,Arjun Kumar,HR,Pune,2022-11-08,32638.0,92.8,4.5,arjun.kumar@gmail.com,9657629251
EMP0191,Neha Gupta,HR,Pune,2022-11-21,70178.0,99.8,4.3,neha.gupta@gmail.com,9421300425
EMP0192,Pooja Nair,IT,Pune,2024-08-23,62102.0,75.4,3.3,pooja.nair@gmail.com,9217687031
EMP0193,Kiran Patel,Marketing,Chennai,2024-06-19,87153.0,81.6,4.1,kiran.patel@gmail.com,9933397627
EMP0194,Pooja Nair,Marketing,Bengaluru,2024-01-17,61486.0,93.0,4.4,pooja.nair@gmail.com,9508226265
EMP0195,Arjun Kumar,Information Technology,Bengaluru,2020-03-05,75909.0,86.0,3.5,arjun.kumar@gmail.com,9543412542
EMP0196,Sneha Rao,Finance,Pune,2024-05-06,60907.0,88.0,3.9,sneha.rao@gmail.com,9811060614
EMP0197,Neha Gupta,Marketing,Mumbai,2021-10-04,60124.0,91.9,4.7,neha.gupta@gmail.com,9830945329
EMP0198,Vikram Singh,Marketing,Mumbai,2021-01-28,48284.0,99.3,3.2,vikram.singh@gmail.com,9410315830
EMP0199,Sneha Rao,Information Technology,Mumbai,2021-10-11,66732.0,89.3,3.9,sneha.rao@gmail.com,9523625992
EMP0200,Anjali Verma,HR,Chennai,2020-03-27,76801.0,86.1,3.1,anjali.verma@gmail.com,9614407444
EMP0201,Sneha Rao,HR,Pune,2021-07-09,75624.0,90.4,4.0,sneha.rao@gmail.com,9360337343
EMP0202,Rahul Sharma,Information Technology,Pune,2021-04-07,33440.0,92.9,2.8,rahul.sharma@gmail.com,9927603754
EMP0203,Arjun Kumar,Sales,Pune,2020-11-19,87714.0,80.0,4.9,arjun.kumar@gmail.com,9444851196
EMP0204,Vikram Singh,Information Technology,Hyderabad,2024-04-23,67626.0,93.1,4.8,vikram.singh@gmail.com,9287974375
EMP0205,Kiran Patel,HR,Hyderabad,2024-09-08,62465.0,99.1,4.8,kiran.patel@gmail.com,9140229006
EMP0206,Rahul Sharma,IT,Pune,2023-05-19,51957.0,91.0,3.8,rahul.sharma@gmail.com,9244096091
EMP0207,Aman Das,Finance,Chennai,2021-01-29,51671.0,91.2,4.3,aman.das@gmail.com,9115122787
EMP0208,Anjali Verma,IT,Pune,2023-10-13,41501.0,87.9,2.7,anjali.verma@gmail.com,9818608005
EMP0209,Priya Reddy,HR,Bengaluru,2022-09-04,46256.0,80.9,4.4,priya.reddy@gmail.com,9453932473
EMP0210,Vikram Singh,Marketing,Pune,2020-01-24,53563.0,78.0,3.3,vikram.singh@gmail.com,9535312769
EMP0211,Aman Das,Information Technology,Chennai,2023-11-14,49335.0,80.5,2.8,aman.das@gmail.com,9264481748
EMP0212,Neha Gupta,Information Technology,Pune,2022-02-04,65994.0,95.0,4.6,neha.gupta@gmail.com,9918040539
EMP0213,Sneha Rao,Information Technology,Pune,2024-11-23,64439.0,84.0,4.8,sneha.rao@gmail.com,9220483278
EMP0214,Rahul Sharma,Marketing,Pune,2021-02-18,39820.0,88.0,2.8,rahul.sharma@gmail.com,9320548167
EMP0215,Pooja Nair,Finance,Hyderabad,2022-11-11,33646.0,85.4,3.9,pooja.nair@gmail.com,9700003920
EMP0216,Neha Gupta,Information Technology,Chennai,2024-01-21,,93.6,3.9,neha.gupta@gmail.com,9148629555
EMP0217,Kiran Patel,IT,Hyderabad,2023-01-13,88603.0,86.8,3.2,kiran.patel@gmail.com,9293253475
EMP0218,Arjun Kumar,Information Technology,Mumbai,2022-02-05,55066.0,97.7,3.4,arjun.kumar@gmail.com,9833076128
EMP0219,Aman Das,HR,Chennai,2020-08-30,65209.0,93.2,3.1,aman.das@gmail.com,9103729417
EMP0220,Rahul Sharma,IT,Mumbai,2023-10-11,57795.0,81.2,3.4,rahul.sharma@gmail.com,9395976645
EMP0221,Sneha Rao,Information Technology,Hyderabad,2020-03-06,57475.0,76.7,4.0,sneha.rao@gmail.com,9579362443
EMP0222,Pooja Nair,Information Technology,Hyderabad,2021-05-16,56362.0,80.4,4.7,pooja.nair@gmail.com,9160606325
EMP0223,Arjun Kumar,Marketing,Chennai,2021-04-24,77940.0,94.3,4.5,arjun.kumar@gmail.com,9354373770
EMP0224,Vikram Singh,HR,Pune,2021-03-28,48032.0,89.8,4.3,vikram.singh@gmail.com,9288047830
EMP0225,Kiran Patel,Marketing,Mumbai,2020-04-06,72160.0,83.0,3.5,kiran.patel@gmail.com,9260221190
EMP0226,Vikram Singh,Finance,Bengaluru,2024-03-25,45792.0,92.7,4.5,vikram.singh@gmail.com,9161873231
EMP0227,Aman Das,Finance,Mumbai,2023-02-15,55455.0,83.3,2.7,aman.das@gmail.com,9582954920
EMP0228,Anjali Verma,Sales,Pune,2024-01-23,33377.0,90.1,2.6,anjali.verma@gmail.com,9178151583
EMP0229,Sneha Rao,Marketing,Pune,2021-03-20,86981.0,97.7,3.0,sneha.rao@gmail.com,9304036387
EMP0230,Priya Reddy,Information Technology,Mumbai,2021-05-11,76122.0,81.0,3.3,priya.reddy@gmail.com,9403932500
EMP0231,Kiran Patel,Finance,Pune,2023-08-21,47141.0,87.4,2.7,kiran.patel@gmail.com,9875685667
EMP0232,Neha Gupta,IT,Bengaluru,2022-01-29,32996.0,75.4,3.9,neha.gupta@gmail.com,9727099478
EMP0233,Pooja Nair,Information Technology,Mumbai,2021-08-27,51618.0,95.8,3.7,pooja.nair@gmail.com,9802879944
EMP0234,Anjali Verma,IT,Mumbai,2024-01-21,62151.0,94.9,2.9,anjali.verma@gmail.com,9873430762
EMP0235,Aman Das,Finance,Bengaluru,2023-01-15,33849.0,76.9,4.5,aman.das@gmail.com,9152091933
EMP0236,Rahul Sharma,Finance,Bengaluru,2024-09-21,34454.0,,3.8,rahul.sharma@gmail.com,9500721199
EMP0237,Rahul Sharma,Marketing,Pune,2022-09-16,31030.0,85.3,2.5,rahul.sharma@gmail.com,9875448533
EMP0238,Vikram Singh,Marketing,Chennai,2020-02-05,75734.0,97.7,2.8,vikram.singh@gmail.com,9203416251
EMP0239,Aman Das,HR,Bengaluru,2021-01-28,46542.0,84.9,3.4,aman.das@gmail.com,9535968611
EMP0240,Neha Gupta,Marketing,Bengaluru,2023-11-28,74829.0,96.5,4.4,neha.gupta@gmail.com,9200395400
EMP0241,Kiran Patel,Finance,Mumbai,2023-02-05,71729.0,77.1,4.6,kiran.patel@gmail.com,9792463878
EMP0242,Anjali Verma,Marketing,Hyderabad,2022-12-17,45057.0,92.3,3.9,anjali.verma@gmail.com,9391086098
EMP0243,Rahul Sharma,Sales,Chennai,2023-01-17,32156.0,82.9,4.9,rahul.sharma@gmail.com,9730325223
EMP0244,Arjun Kumar,Information Technology,Mumbai,2020-06-06,66959.0,96.2,4.2,arjun.kumar@gmail.com,9680424495
EMP0245,Anjali Verma,Finance,Bengaluru,2024-06-06,77458.0,99.4,2.6,anjali.verma@gmail.com,9569319938
EMP0246,Sneha Rao,Sales,Chennai,2023-05-24,69033.0,83.2,4.1,sneha.rao@gmail.com,9941328406
EMP0247,Neha Gupta,Finance,Bengaluru,2021-12-29,54603.0,89.6,3.5,neha.gupta@gmail.com,9929108437
EMP0248,Pooja Nair,IT,Bengaluru,2023-12-31,47561.0,94.6,2.9,pooja.nair@gmail.com,9518353415
EMP0249,Anjali Verma,IT,Hyderabad,2020-07-06,,94.0,2.8,anjali.verma@gmail.com,9193734690
EMP0250,Arjun Kumar,Finance,Mumbai,2023-02-14,56741.0,,3.4,arjun.kumar@gmail.com,9199926988
EMP0251,Pooja Nair,Marketing,Chennai,2024-11-03,49126.0,77.1,4.8,pooja.nair@gmail.com,9360642799
EMP0252,Pooja Nair,Marketing,Bengaluru,2023-11-04,39099.0,87.3,2.7,pooja.nair@gmail.com,9566730092
EMP0253,Vikram Singh,Finance,Chennai,2022-09-18,53666.0,93.0,3.7,vikram.singh@gmail.com,9762143074
EMP0254,Sneha Rao,Finance,Hyderabad,2020-10-04,55932.0,84.5,4.7,sneha.rao@gmail.com,9572685761
EMP0255,Anjali Verma,Finance,Pune,2020-10-05,69532.0,79.4,3.5,anjali.verma@gmail.com,9442671456
EMP0256,Vikram Singh,Information Technology,Mumbai,2023-03-25,51357.0,94.6,3.4,vikram.singh@gmail.com,9705429879
EMP0257,Sneha Rao,Marketing,Pune,2021-01-03,66051.0,86.5,4.3,sneha.rao@gmail.com,9570787423
EMP0258,Vikram Singh,Information Technology,Hyderabad,2024-08-04,82104.0,78.5,3.3,vikram.singh@gmail.com,9371314895
EMP0259,Arjun Kumar,Information Technology,Mumbai,2024-06-04,59430.0,88.4,4.8,arjun.kumar@gmail.com,9842716738
EMP0260,Kiran Patel,Marketing,Hyderabad,2024-06-07,75982.0,81.2,4.2,kiran.patel@gmail.com,9278604592
EMP0261,Pooja Nair,Sales,Pune,2023-08-14,56189.0,85.8,2.5,pooja.nair@gmail.com,9377818215
EMP0262,Sneha Rao,Marketing,Pune,2023-02-16,67698.0,84.8,4.4,sneha.rao@gmail.com,9731993655
EMP0263,Aman Das,HR,Chennai,2020-02-20,49361.0,77.1,4.6,aman.das@gmail.com,9883993370
EMP0264,Arjun Kumar,IT,Chennai,2021-12-03,43557.0,77.4,4.3,arjun.kumar@gmail.com,9585811477
EMP0265,Anjali Verma,Sales,Chennai,2020-04-01,37542.0,91.2,4.2,anjali.verma@gmail.com,9276473863
EMP0266,Sneha Rao,Marketing,Bengaluru,2023-02-04,66690.0,80.8,3.5,sneha.rao@gmail.com,9298053584
EMP0267,Arjun Kumar,Information Technology,Mumbai,2022-03-21,,85.7,2.5,arjun.kumar@gmail.com,9330635563
EMP0268,Sneha Rao,IT,Hyderabad,2023-03-28,87146.0,79.9,2.8,sneha.rao@gmail.com,9820160169
EMP0269,Neha Gupta,Marketing,Chennai,2023-05-07,55725.0,96.1,4.0,neha.gupta@gmail.com,9973744799
EMP0270,Vikram Singh,Marketing,Pune,2020-06-22,50524.0,77.9,3.4,vikram.singh@gmail.com,9251782582
EMP0271,Aman Das,Finance,Mumbai,2023-05-06,55146.0,90.9,4.2,aman.das@gmail.com,9792842747
EMP0272,Arjun Kumar,Marketing,Bengaluru,2022-09-29,42261.0,90.5,4.7,arjun.kumar@gmail.com,9110290140
EMP0273,Neha Gupta,HR,Bengaluru,2024-07-27,66803.0,87.3,4.3,neha.gupta@gmail.com,9576582183
EMP0274,Neha Gupta,HR,Hyderabad,2023-03-03,,81.9,3.8,neha.gupta@gmail.com,9280613009
EMP0275,Neha Gupta,Marketing,Mumbai,2023-01-30,67533.0,88.6,5.0,neha.gupta@gmail.com,9682014641
EMP0276,Rahul Sharma,Information Technology,Mumbai,2023-01-23,57862.0,91.3,3.1,rahul.sharma@gmail.com,9134607126
EMP0277,Neha Gupta,IT,Chennai,2024-10-31,58774.0,80.9,4.5,neha.gupta@gmail.com,9731278472
EMP0278,Anjali Verma,Information Technology,Pune,2023-07-19,70380.0,95.3,4.5,anjali.verma@gmail.com,9712112671
EMP0279,Anjali Verma,Marketing,Chennai,2023-05-07,51210.0,81.7,4.6,anjali.verma@gmail.com,9829392084
EMP0280,Priya Reddy,HR,Mumbai,2020-05-01,86822.0,78.3,2.9,priya.reddy@gmail.com,9445848708
EMP0281,Sneha Rao,Information Technology,Mumbai,2022-09-29,71445.0,84.4,2.7,sneha.rao@gmail.com,9953193777
EMP0282,Priya Reddy,Finance,Pune,2024-03-15,87495.0,87.2,4.0,priya.reddy@gmail.com,9931221434
EMP0283,Priya Reddy,Information Technology,Mumbai,2023-07-24,53476.0,84.9,4.9,priya.reddy@gmail.com,9985673417
EMP0284,Sneha Rao,Finance,Chennai,2021-10-23,52135.0,87.1,3.4,sneha.rao@gmail.com,9832884547
EMP0285,Rahul Sharma,Sales,Hyderabad,2023-07-06,60119.0,96.4,3.6,rahul.sharma@gmail.com,9100725768
EMP0286,Kiran Patel,HR,Bengaluru,2023-08-24,87306.0,84.0,2.7,kiran.patel@gmail.com,9813510897
EMP0287,Arjun Kumar,Sales,Mumbai,2023-07-05,75838.0,77.3,2.7,arjun.kumar@gmail.com,9329159242
EMP0288,Neha Gupta,Sales,Bengaluru,2023-04-30,74563.0,,4.2,neha.gupta@gmail.com,9977364141
EMP0289,Priya Reddy,Finance,Bengaluru,2022-09-05,55104.0,77.6,3.3,priya.reddy@gmail.com,9421322967
EMP0290,Arjun Kumar,Finance,Bengaluru,2023-08-06,39362.0,75.2,4.1,arjun.kumar@gmail.com,9572553155
EMP0291,Anjali Verma,Information Technology,Bengaluru,2023-07-10,56981.0,77.2,2.8,anjali.verma@gmail.com,9907932366
EMP0292,Priya Reddy,Marketing,Mumbai,2021-12-20,50611.0,91.1,3.1,priya.reddy@gmail.com,9745317824
EMP0293,Pooja Nair,Information Technology,Pune,2021-08-06,75251.0,91.5,3.3,pooja.nair@gmail.com,9655928892
EMP0294,Pooja Nair,Marketing,Bengaluru,2024-03-11,72347.0,94.8,3.1,pooja.nair@gmail.com,9514341484
EMP0295,Priya Reddy,HR,Mumbai,2023-07-30,64621.0,98.3,2.8,priya.reddy@gmail.com,9710293796
EMP0296,Kiran Patel,IT,Pune,2023-10-30,60868.0,,2.7,kiran.patel@gmail.com,9381519299
EMP0297,Sneha Rao,Sales,Hyderabad,2024-06-04,48775.0,85.1,4.1,sneha.rao@gmail.com,9677303044
EMP0298,Pooja Nair,HR,Chennai,2020-06-20,63508.0,78.9,3.3,pooja.nair@gmail.com,9729682105
EMP0299,Priya Reddy,IT,Mumbai,2024-02-03,45639.0,98.1,2.8,priya.reddy@gmail.com,9757448675
EMP0300,Pooja Nair,Sales,Chennai,2023-09-26,78539.0,92.7,4.3,pooja.nair@gmail.com,9275913951
EMP0301,Neha Gupta,IT,Pune,2022-11-25,77236.0,78.2,4.5,neha.gupta@gmail.com,9388583671
EMP0302,Priya Reddy,Sales,Chennai,2024-07-10,64331.0,99.4,4.1,priya.reddy@gmail.com,9632734398
EMP0303,Neha Gupta,Marketing,Chennai,2020-04-23,67151.0,81.4,2.8,neha.gupta@gmail.com,9716233644
EMP0304,Priya Reddy,HR,Pune,2020-01-06,,86.8,3.5,priya.reddy@gmail.com,9261152186
EMP0305,Arjun Kumar,Sales,Pune,2024-07-02,78540.0,81.2,4.8,arjun.kumar@gmail.com,9443527737
EMP0306,Vikram Singh,Sales,Pune,2022-02-02,74127.0,95.1,5.0,vikram.singh@gmail.com,9530489781
EMP0307,Priya Reddy,Finance,Chennai,2024-05-03,51449.0,75.2,3.0,priya.reddy@gmail.com,9705382875
EMP0308,Vikram Singh,Information Technology,Pune,2021-05-11,68777.0,94.4,4.3,vikram.singh@gmail.com,9686863518
EMP0309,Sneha Rao,HR,Hyderabad,2022-04-19,,92.3,2.5,sneha.rao@gmail.com,9459722166
EMP0310,Rahul Sharma,Information Technology,Mumbai,2024-10-04,50153.0,99.6,3.5,rahul.sharma@gmail.com,9164311845
EMP0311,Arjun Kumar,Information Technology,Chennai,2020-07-09,,88.0,4.3,arjun.kumar@gmail.com,9499960213
EMP0312,Neha Gupta,Information Technology,Hyderabad,2023-04-04,38749.0,89.2,3.6,neha.gupta@gmail.com,9240346956
EMP0313,Sneha Rao,IT,Chennai,2024-10-08,82482.0,93.4,3.3,sneha.rao@gmail.com,9392010397
EMP0314,Sneha Rao,Sales,Bengaluru,2020-10-05,68319.0,79.1,3.7,sneha.rao@gmail.com,9536489528
EMP0315,Priya Reddy,Marketing,Chennai,2024-04-26,50205.0,78.0,2.9,priya.reddy@gmail.com,9836645781
EMP0316,Vikram Singh,Information Technology,Pune,2020-03-23,86136.0,92.8,4.9,vikram.singh@gmail.com,9525464250
EMP0317,Aman Das,Sales,Chennai,2021-06-16,41394.0,96.4,3.9,aman.das@gmail.com,9690687810
EMP0318,Sneha Rao,Sales,Mumbai,2020-07-27,39161.0,,4.6,sneha.rao@gmail.com,9338680070
EMP0319,Arjun Kumar,HR,Mumbai,2022-02-01,72250.0,81.5,4.5,arjun.kumar@gmail.com,9123407763
EMP0320,Priya Reddy,HR,Mumbai,2024-07-15,89315.0,98.6,2.6,priya.reddy@gmail.com,9716203465
EMP0321,Kiran Patel,Information Technology,Mumbai,2022-10-13,,80.4,3.0,kiran.patel@gmail.com,9400491536
EMP0322,Neha Gupta,HR,Hyderabad,2023-06-11,46107.0,97.1,3.7,neha.gupta@gmail.com,9194190297
EMP0323,Vikram Singh,Finance,Bengaluru,2022-05-08,87976.0,95.1,4.5,vikram.singh@gmail.com,9510704185
EMP0324,Anjali Verma,Finance,Pune,2024-05-19,89813.0,79.5,3.3,anjali.verma@gmail.com,9335171142
EMP0325,Rahul Sharma,IT,Hyderabad,2024-07-14,64696.0,100.0,4.9,rahul.sharma@gmail.com,9207518427
EMP0326,Sneha Rao,Information Technology,Bengaluru,2021-06-29,81854.0,98.7,3.9,sneha.rao@gmail.com,9956191734
EMP0327,Kiran Patel,IT,Bengaluru,2020-12-26,50840.0,75.7,4.3,kiran.patel@gmail.com,9709511014
EMP0328,Pooja Nair,HR,Pune,2021-01-20,83110.0,79.4,2.6,pooja.nair@gmail.com,9160309911
EMP0329,Sneha Rao,Marketing,Bengaluru,2020-02-10,30044.0,80.0,2.8,sneha.rao@gmail.com,9869805921
EMP0330,Arjun Kumar,IT,Hyderabad,2020-02-14,76182.0,96.2,4.7,arjun.kumar@gmail.com,9177880216
EMP0331,Anjali Verma,Information Technology,Mumbai,2023-04-15,49776.0,78.9,4.9,anjali.verma@gmail.com,9950234433
EMP0332,Neha Gupta,Information Technology,Chennai,2020-12-22,66829.0,89.7,2.9,neha.gupta@gmail.com,9429448930
EMP0333,Vikram Singh,HR,Bengaluru,2024-02-01,,94.3,3.9,vikram.singh@gmail.com,9295508799
EMP0334,Pooja Nair,IT,Pune,2021-03-28,36822.0,93.6,3.1,pooja.nair@gmail.com,9443080569
EMP0335,Arjun Kumar,Information Technology,Hyderabad,2024-08-09,71884.0,81.6,3.1,arjun.kumar@gmail.com,9172794091
EMP0336,Anjali Verma,IT,Hyderabad,2024-01-15,,85.5,2.9,anjali.verma@gmail.com,9544549689
EMP0337,Neha Gupta,Finance,Chennai,2023-01-23,84316.0,89.5,4.4,neha.gupta@gmail.com,9342217614
EMP0338,Arjun Kumar,Finance,Hyderabad,2024-06-24,49327.0,98.8,2.7,arjun.kumar@gmail.com,9282649071
EMP0339,Kiran Patel,HR,Hyderabad,2023-01-25,36101.0,90.3,3.7,kiran.patel@gmail.com,9133278698
EMP0340,Kiran Patel,Information Technology,Bengaluru,2023-05-28,40295.0,80.1,3.0,kiran.patel@gmail.com,9848609261
EMP0341,Aman Das,Information Technology,Pune,2021-06-27,49490.0,84.8,3.9,aman.das@gmail.com,9627151698
EMP0342,Arjun Kumar,Sales,Chennai,2020-01-08,49303.0,75.6,2.9,arjun.kumar@gmail.com,9413330168
EMP0343,Priya Reddy,Finance,Hyderabad,2021-09-23,60863.0,81.6,4.1,priya.reddy@gmail.com,9516104074
EMP0344,Arjun Kumar,IT,Mumbai,2022-01-26,32924.0,81.6,4.6,arjun.kumar@gmail.com,9705855162
EMP0345,Rahul Sharma,HR,Hyderabad,2020-06-24,82964.0,89.7,3.9,rahul.sharma@gmail.com,9515652006
EMP0346,Aman Das,Finance,Pune,2023-11-08,61118.0,77.0,4.8,aman.das@gmail.com,9866979905
EMP0347,Rahul Sharma,Marketing,Pune,2022-11-24,74402.0,93.9,2.9,rahul.sharma@gmail.com,9279491823
EMP0348,Sneha Rao,HR,Bengaluru,2020-03-28,74769.0,95.6,2.9,sneha.rao@gmail.com,9738927559
EMP0349,Vikram Singh,IT,Hyderabad,2020-06-27,56041.0,88.0,4.8,vikram.singh@gmail.com,9113275526
EMP0350,Pooja Nair,Marketing,Pune,2024-05-19,57160.0,89.7,4.4,pooja.nair@gmail.com,9207593219
EMP0351,Priya Reddy,Marketing,Hyderabad,2024-05-28,65103.0,81.6,4.1,priya.reddy@gmail.com,9714205272
EMP0352,Pooja Nair,Finance,Hyderabad,2020-12-18,39427.0,97.2,3.3,pooja.nair@gmail.com,9355098831
EMP0353,Rahul Sharma,Information Technology,Mumbai,2021-07-04,31325.0,82.6,3.2,rahul.sharma@gmail.com,9627872109
EMP0354,Priya Reddy,HR,Bengaluru,2021-09-07,59039.0,85.4,4.1,priya.reddy@gmail.com,9301794412
EMP0355,Neha Gupta,HR,Mumbai,2024-02-26,63849.0,87.9,2.9,neha.gupta@gmail.com,9434065879
EMP0356,Aman Das,Finance,Bengaluru,2024-05-17,87627.0,96.9,3.0,aman.das@gmail.com,9161877074
EMP0357,Sneha Rao,Sales,Mumbai,2020-04-13,76178.0,95.6,3.8,sneha.rao@gmail.com,9782266083
EMP0358,Priya Reddy,Information Technology,Hyderabad,2021-05-10,68931.0,96.8,4.0,priya.reddy@gmail.com,9475551835
EMP0359,Anjali Verma,HR,Chennai,2024-03-13,35923.0,,2.6,anjali.verma@gmail.com,9714457408
EMP0360,Sneha Rao,HR,Bengaluru,2023-10-19,72702.0,96.6,4.9,sneha.rao@gmail.com,9832506384
EMP0361,Rahul Sharma,Finance,Bengaluru,2023-08-18,82485.0,90.2,4.9,rahul.sharma@gmail.com,9865299271
EMP0362,Vikram Singh,Finance,Mumbai,2024-10-10,46514.0,91.9,4.6,vikram.singh@gmail.com,9526439295
EMP0363,Pooja Nair,Sales,Hyderabad,2022-11-13,85265.0,89.8,3.2,pooja.nair@gmail.com,9834883010
EMP0364,Priya Reddy,Finance,Hyderabad,2021-11-19,71982.0,81.5,4.3,priya.reddy@gmail.com,9799506796
EMP0365,Vikram Singh,HR,Bengaluru,2022-11-25,88961.0,95.1,4.0,vikram.singh@gmail.com,9809239039
EMP0366,Anjali Verma,Information Technology,Bengaluru,2024-01-17,,81.5,3.5,anjali.verma@gmail.com,9516907018
EMP0367,Rahul Sharma,Marketing,Pune,2024-07-29,77615.0,91.0,3.7,rahul.sharma@gmail.com,9821413281
EMP0368,Anjali Verma,Marketing,Chennai,2024-09-27,73097.0,86.8,4.4,anjali.verma@gmail.com,9878663220
EMP0369,Aman Das,HR,Chennai,2023-09-02,53283.0,82.7,4.5,aman.das@gmail.com,9455749066
EMP0370,Anjali Verma,IT,Pune,2021-08-25,37718.0,90.9,4.0,anjali.verma@gmail.com,9766422911
EMP0371,Priya Reddy,Finance,Bengaluru,2022-10-21,74610.0,85.3,4.7,priya.reddy@gmail.com,9261897130
EMP0372,Arjun Kumar,HR,Chennai,2022-04-18,88513.0,96.6,3.0,arjun.kumar@gmail.com,9186770648
EMP0373,Neha Gupta,IT,Bengaluru,2021-10-03,30308.0,94.0,2.9,neha.gupta@gmail.com,9920858166
EMP0374,Arjun Kumar,Finance,Hyderabad,2020-09-22,71516.0,99.1,3.5,arjun.kumar@gmail.com,9140507249
EMP0375,Aman Das,HR,Chennai,2020-01-29,79600.0,,2.5,aman.das@gmail.com,9887700486
EMP0376,Sneha Rao,HR,Chennai,2021-10-01,55136.0,95.6,3.2,sneha.rao@gmail.com,9412273967
EMP0377,Neha Gupta,Information Technology,Pune,2023-05-06,58420.0,97.5,3.4,neha.gupta@gmail.com,9302320914
EMP0378,Arjun Kumar,Finance,Hyderabad,2021-04-12,38598.0,89.7,2.9,arjun.kumar@gmail.com,9493624575
EMP0379,Rahul Sharma,Finance,Chennai,2024-04-28,33184.0,91.3,2.5,rahul.sharma@gmail.com,9840613153
EMP0380,Priya Reddy,Finance,Mumbai,2022-02-17,46563.0,80.1,4.2,priya.reddy@gmail.com,9109990686
EMP0381,Vikram Singh,Finance,Hyderabad,2023-09-18,70815.0,97.5,3.8,vikram.singh@gmail.com,9763248135
EMP0382,Priya Reddy,IT,Hyderabad,2024-05-26,43018.0,95.8,4.9,priya.reddy@gmail.com,9484315640
EMP0383,Kiran Patel,IT,Bengaluru,2020-03-21,89661.0,87.0,3.1,kiran.patel@gmail.com,9113689561
EMP0384,Priya Reddy,Sales,Pune,2023-10-02,35903.0,77.5,3.1,priya.reddy@gmail.com,9348206466
EMP0385,Neha Gupta,IT,Chennai,2022-08-08,83292.0,96.3,3.4,neha.gupta@gmail.com,9826672529
EMP0386,Anjali Verma,Finance,Hyderabad,2020-07-13,88346.0,,2.8,anjali.verma@gmail.com,9794924237
EMP0387,Arjun Kumar,IT,Chennai,2022-06-15,47583.0,83.6,2.8,arjun.kumar@gmail.com,9529765405
EMP0388,Neha Gupta,IT,Mumbai,2023-11-13,82422.0,94.9,2.8,neha.gupta@gmail.com,9847506709
EMP0389,Rahul Sharma,HR,Hyderabad,2022-05-02,61632.0,84.5,3.4,rahul.sharma@gmail.com,9130941191
EMP0390,Arjun Kumar,Finance,Mumbai,2020-08-19,58880.0,91.4,2.5,arjun.kumar@gmail.com,9827920634
EMP0391,Aman Das,Information Technology,Pune,2024-01-22,73898.0,92.2,4.0,aman.das@gmail.com,9564766900
EMP0392,Sneha Rao,Finance,Chennai,2023-09-21,55223.0,89.0,5.0,sneha.rao@gmail.com,9158589922
EMP0393,Rahul Sharma,Information Technology,Bengaluru,2022-11-01,85828.0,76.9,3.7,rahul.sharma@gmail.com,9358655621
EMP0394,Anjali Verma,IT,Hyderabad,2022-11-04,72160.0,80.9,3.6,anjali.verma@gmail.com,9960347752
EMP0395,Pooja Nair,Finance,Hyderabad,2024-10-20,50713.0,93.6,2.5,pooja.nair@gmail.com,9533190034
EMP0396,Kiran Patel,Sales,Pune,2023-01-29,,99.1,4.1,kiran.patel@gmail.com,9645823493
EMP0397,Aman Das,HR,Mumbai,2021-11-29,33556.0,83.3,4.4,aman.das@gmail.com,9744192644
EMP0398,Neha Gupta,Information Technology,Chennai,2024-01-06,36385.0,,3.4,neha.gupta@gmail.com,9780388507
EMP0399,Vikram Singh,Marketing,Pune,2022-02-04,33000.0,95.5,4.4,vikram.singh@gmail.com,9539386707
EMP0400,Priya Reddy,IT,Pune,2021-02-05,85849.0,95.6,3.0,priya.reddy@gmail.com,9462853390
EMP0401,Priya Reddy,Finance,Hyderabad,2023-07-20,68588.0,86.3,4.1,priya.reddy@gmail.com,9641378026
EMP0402,Arjun Kumar,Finance,Hyderabad,2022-12-22,66256.0,87.1,3.8,arjun.kumar@gmail.com,9290269669
EMP0403,Pooja Nair,HR,Bengaluru,2020-07-31,69357.0,84.6,4.9,pooja.nair@gmail.com,9843582889
EMP0404,Sneha Rao,IT,Mumbai,2021-12-03,59677.0,90.1,4.7,sneha.rao@gmail.com,9650072167
EMP0405,Vikram Singh,Information Technology,Pune,2024-10-28,78288.0,90.6,3.2,vikram.singh@gmail.com,9470756153
EMP0406,Arjun Kumar,Information Technology,Bengaluru,2022-10-28,71738.0,94.0,3.9,arjun.kumar@gmail.com,9725783470
EMP0407,Pooja Nair,Information Technology,Mumbai,2023-10-12,85141.0,85.6,2.5,pooja.nair@gmail.com,9214321799
EMP0408,Rahul Sharma,Finance,Bengaluru,2020-04-18,43100.0,79.0,3.2,rahul.sharma@gmail.com,9369037833
EMP0409,Arjun Kumar,Sales,Chennai,2021-02-21,32117.0,77.6,4.7,arjun.kumar@gmail.com,9894024006
EMP0410,Aman Das,HR,Pune,2022-03-07,81400.0,76.2,3.5,aman.das@gmail.com,9547284589
EMP0411,Anjali Verma,Marketing,Hyderabad,2020-01-27,43309.0,97.8,4.3,anjali.verma@gmail.com,9795389979
EMP0412,Anjali Verma,Marketing,Pune,2024-02-21,80865.0,79.4,4.2,anjali.verma@gmail.com,9300764570
EMP0413,Arjun Kumar,Information Technology,Pune,2020-09-01,58082.0,78.3,4.0,arjun.kumar@gmail.com,9373821508
EMP0414,Rahul Sharma,IT,Mumbai,2023-12-24,32617.0,89.9,4.4,rahul.sharma@gmail.com,9771482340
EMP0415,Pooja Nair,Information Technology,Chennai,2022-10-01,66055.0,92.7,3.8,pooja.nair@gmail.com,9297427943
EMP0416,Aman Das,Sales,Pune,2020-11-22,65195.0,80.5,3.0,aman.das@gmail.com,9456357211
EMP0417,Anjali Verma,IT,Chennai,2021-03-23,70519.0,95.6,5.0,anjali.verma@gmail.com,9109452902
EMP0418,Priya Reddy,Information Technology,Chennai,2022-07-01,72091.0,92.1,3.3,priya.reddy@gmail.com,9954920307
EMP0419,Priya Reddy,Finance,Chennai,2023-01-11,31619.0,87.7,3.7,priya.reddy@gmail.com,9418293546
EMP0420,Sneha Rao,IT,Pune,2020-06-17,40970.0,80.3,4.1,sneha.rao@gmail.com,9328895052
EMP0421,Kiran Patel,Sales,Bengaluru,2023-01-06,87582.0,98.5,4.4,kiran.patel@gmail.com,9265092727
EMP0422,Rahul Sharma,Finance,Chennai,2020-03-18,33556.0,89.0,3.9,rahul.sharma@gmail.com,9344432632
EMP0423,Vikram Singh,Finance,Mumbai,2022-07-12,58378.0,,4.2,vikram.singh@gmail.com,9674274037
EMP0424,Rahul Sharma,Information Technology,Pune,2020-05-09,68378.0,76.8,4.8,rahul.sharma@gmail.com,9213962171
EMP0425,Vikram Singh,Information Technology,Chennai,2023-05-27,80153.0,95.6,2.6,vikram.singh@gmail.com,9267851051
EMP0426,Aman Das,HR,Bengaluru,2024-03-09,82263.0,78.6,4.2,aman.das@gmail.com,9953643130
EMP0427,Anjali Verma,Sales,Pune,2024-11-26,38076.0,,4.0,anjali.verma@gmail.com,9676762622
EMP0428,Aman Das,Sales,Chennai,2021-03-06,89214.0,97.6,4.6,aman.das@gmail.com,9252960017
EMP0429,Arjun Kumar,HR,Bengaluru,2023-06-17,42735.0,95.0,4.6,arjun.kumar@gmail.com,9906425007
EMP0430,Aman Das,Finance,Pune,2020-05-29,34414.0,93.1,3.7,aman.das@gmail.com,9455248480
EMP0431,Anjali Verma,HR,Bengaluru,2020-07-23,34574.0,86.3,4.0,anjali.verma@gmail.com,9428216558
EMP0432,Pooja Nair,HR,Pune,2023-03-06,50731.0,82.8,4.5,pooja.nair@gmail.com,9864717990
EMP0433,Kiran Patel,IT,Chennai,2020-10-02,51729.0,84.0,3.3,kiran.patel@gmail.com,9692353117
EMP0434,Priya Reddy,HR,Pune,2020-06-16,86276.0,79.9,4.3,priya.reddy@gmail.com,9772826911
EMP0435,Priya Reddy,Information Technology,Hyderabad,2020-02-08,71394.0,89.5,4.4,priya.reddy@gmail.com,9328450041
EMP0436,Rahul Sharma,Marketing,Chennai,2023-01-18,65368.0,78.7,3.5,rahul.sharma@gmail.com,9929084214
EMP0437,Pooja Nair,Information Technology,Chennai,2020-10-01,63450.0,87.6,4.2,pooja.nair@gmail.com,9966015789
EMP0438,Pooja Nair,Information Technology,Bengaluru,2024-03-30,59243.0,98.7,4.1,pooja.nair@gmail.com,9256980036
EMP0439,Neha Gupta,IT,Hyderabad,2021-03-24,45187.0,80.9,4.2,neha.gupta@gmail.com,9656075031
EMP0440,Anjali Verma,Finance,Mumbai,2022-07-20,32615.0,99.2,4.1,anjali.verma@gmail.com,9393663355
EMP0441,Vikram Singh,Marketing,Pune,2023-03-13,72839.0,91.3,4.6,vikram.singh@gmail.com,9654762561
EMP0442,Vikram Singh,Finance,Bengaluru,2022-11-23,83558.0,87.1,4.0,vikram.singh@gmail.com,9638843355
EMP0443,Arjun Kumar,Finance,Bengaluru,2021-04-16,72170.0,79.7,3.4,arjun.kumar@gmail.com,9870197919
EMP0444,Priya Reddy,Information Technology,Bengaluru,2022-04-29,77202.0,87.0,3.0,priya.reddy@gmail.com,9273136853
EMP0445,Kiran Patel,Sales,Bengaluru,2020-03-29,68820.0,87.8,4.7,kiran.patel@gmail.com,9257695200
EMP0446,Rahul Sharma,HR,Chennai,2021-01-03,56571.0,93.2,4.6,rahul.sharma@gmail.com,9192071758
EMP0447,Sneha Rao,Finance,Pune,2022-08-23,41178.0,90.0,4.5,sneha.rao@gmail.com,9980954894
EMP0448,Arjun Kumar,Marketing,Pune,2021-06-25,74930.0,89.9,2.7,arjun.kumar@gmail.com,9506101350
EMP0449,Kiran Patel,HR,Hyderabad,2020-02-03,86334.0,90.1,2.9,kiran.patel@gmail.com,9760080817
EMP0450,Pooja Nair,Sales,Pune,2022-10-27,36107.0,97.5,3.8,pooja.nair@gmail.com,9101288710
EMP0451,Kiran Patel,Marketing,Mumbai,2022-01-28,75720.0,95.1,4.5,kiran.patel@gmail.com,9509349574
EMP0452,Anjali Verma,Marketing,Pune,2020-07-19,46680.0,97.8,2.7,anjali.verma@gmail.com,9742411514
EMP0453,Aman Das,Finance,Chennai,2021-01-22,,77.9,2.5,aman.das@gmail.com,9802813548
EMP0454,Sneha Rao,Information Technology,Chennai,2022-04-17,40143.0,81.3,4.6,sneha.rao@gmail.com,9554795749
EMP0455,Pooja Nair,IT,Pune,2021-07-18,56047.0,94.6,3.7,pooja.nair@gmail.com,9497513146
EMP0456,Aman Das,Marketing,Mumbai,2021-06-03,67856.0,85.0,2.8,aman.das@gmail.com,9807899575
EMP0457,Priya Reddy,Information Technology,Bengaluru,2022-07-03,40603.0,85.0,3.3,priya.reddy@gmail.com,9691176704
EMP0458,Pooja Nair,Information Technology,Hyderabad,2020-11-25,71672.0,95.6,3.7,pooja.nair@gmail.com,9744508634
EMP0459,Kiran Patel,Sales,Hyderabad,2021-06-22,35245.0,98.3,3.5,kiran.patel@gmail.com,9804562789
EMP0460,Aman Das,IT,Pune,2020-04-27,83754.0,86.0,3.0,aman.das@gmail.com,9805324063
EMP0461,Aman Das,IT,Bengaluru,2020-03-09,63459.0,91.9,3.4,aman.das@gmail.com,9803321425
EMP0462,Rahul Sharma,HR,Hyderabad,2021-07-19,53142.0,80.0,2.5,rahul.sharma@gmail.com,9855508288
EMP0463,Priya Reddy,Sales,Pune,2021-08-05,66642.0,95.4,3.1,priya.reddy@gmail.com,9308869838
EMP0464,Neha Gupta,Finance,Pune,2020-01-10,56681.0,87.6,3.3,neha.gupta@gmail.com,9225637455
EMP0465,Aman Das,IT,Pune,2024-07-23,46393.0,89.1,4.4,aman.das@gmail.com,9913330750
EMP0466,Anjali Verma,Finance,Mumbai,2023-04-16,61586.0,84.6,4.5,anjali.verma@gmail.com,9336633719
EMP0467,Sneha Rao,IT,Mumbai,2021-12-24,30637.0,77.3,4.2,sneha.rao@gmail.com,9981622236
EMP0468,Anjali Verma,Sales,Pune,2020-12-31,53169.0,81.7,4.9,anjali.verma@gmail.com,9833480882
EMP0469,Sneha Rao,Finance,Bengaluru,2021-04-25,87196.0,80.1,3.1,sneha.rao@gmail.com,9764213363
EMP0470,Anjali Verma,HR,Hyderabad,2020-09-02,74290.0,94.1,3.9,anjali.verma@gmail.com,9145379683
EMP0471,Neha Gupta,IT,Pune,2021-10-07,87736.0,99.6,4.8,neha.gupta@gmail.com,9400933997
EMP0472,Kiran Patel,HR,Pune,2020-09-19,82380.0,88.5,3.8,kiran.patel@gmail.com,9522750321
EMP0473,Arjun Kumar,Finance,Hyderabad,2023-12-01,50686.0,,3.0,arjun.kumar@gmail.com,9723852830
EMP0474,Priya Reddy,IT,Chennai,2023-06-08,42265.0,86.8,4.0,priya.reddy@gmail.com,9492908067
EMP0475,Arjun Kumar,Finance,Mumbai,2021-03-07,79295.0,85.0,3.6,arjun.kumar@gmail.com,9713546516
EMP0476,Arjun Kumar,Marketing,Bengaluru,2024-07-25,47691.0,96.4,3.0,arjun.kumar@gmail.com,9959033676
EMP0477,Arjun Kumar,Finance,Hyderabad,2020-12-27,38812.0,82.5,3.9,arjun.kumar@gmail.com,9709707672
EMP0478,Rahul Sharma,Finance,Hyderabad,2023-11-15,44120.0,90.7,3.6,rahul.sharma@gmail.com,9459334721
EMP0479,Vikram Singh,IT,Chennai,2023-02-21,83085.0,85.3,3.4,vikram.singh@gmail.com,9829699746
EMP0480,Pooja Nair,HR,Pune,2023-03-25,65287.0,82.1,3.3,pooja.nair@gmail.com,9648085639
EMP0481,Neha Gupta,Information Technology,Mumbai,2020-06-09,48777.0,78.6,2.9,neha.gupta@gmail.com,9967279679
EMP0482,Anjali Verma,Finance,Pune,2023-03-16,89445.0,83.6,3.3,anjali.verma@gmail.com,9801167479
EMP0483,Vikram Singh,Information Technology,Chennai,2023-05-24,47776.0,98.5,4.4,vikram.singh@gmail.com,9659350437
EMP0484,Neha Gupta,Finance,Bengaluru,2021-01-11,38194.0,98.5,4.3,neha.gupta@gmail.com,9185968857
EMP0485,Sneha Rao,HR,Mumbai,2020-07-29,87585.0,75.7,3.5,sneha.rao@gmail.com,9921408597
EMP0486,Priya Reddy,Sales,Chennai,2023-06-19,72915.0,81.2,3.2,priya.reddy@gmail.com,9772678518
EMP0487,Arjun Kumar,HR,Pune,2024-09-13,32303.0,83.1,3.7,arjun.kumar@gmail.com,9680447823
EMP0488,Vikram Singh,Marketing,Mumbai,2020-10-03,75719.0,86.4,4.4,vikram.singh@gmail.com,9705573731
EMP0489,Kiran Patel,Marketing,Pune,2021-09-26,61565.0,86.0,3.4,kiran.patel@gmail.com,9378965689
EMP0490,Arjun Kumar,IT,Hyderabad,2020-01-01,79695.0,86.7,2.5,arjun.kumar@gmail.com,9628207587
EMP0491,Neha Gupta,IT,Hyderabad,2024-04-17,49196.0,88.7,3.0,neha.gupta@gmail.com,9701890658
EMP0492,Kiran Patel,Finance,Bengaluru,2020-11-30,72335.0,80.5,2.7,kiran.patel@gmail.com,9771435478
EMP0493,Sneha Rao,Marketing,Pune,2024-07-11,47816.0,88.3,3.2,sneha.rao@gmail.com,9301864129
EMP0494,Priya Reddy,HR,Bengaluru,2021-08-16,59841.0,90.6,3.0,priya.reddy@gmail.com,9120825650
EMP0495,Arjun Kumar,Sales,Pune,2020-02-15,36702.0,92.9,4.3,arjun.kumar@gmail.com,9349978373
EMP0496,Priya Reddy,HR,Hyderabad,2022-10-07,57541.0,87.5,3.4,priya.reddy@gmail.com,9848328041
EMP0497,Rahul Sharma,IT,Hyderabad,2024-09-23,39574.0,84.8,3.9,rahul.sharma@gmail.com,9294995530
EMP0498,Sneha Rao,IT,Mumbai,2024-08-23,,99.4,3.1,sneha.rao@gmail.com,9135981405
EMP0499,Sneha Rao,Finance,Hyderabad,2022-12-03,43660.0,99.0,4.8,sneha.rao@gmail.com,9270307732
EMP0500,Rahul Sharma,Information Technology,Pune,2022-12-02,61537.0,97.2,4.7,rahul.sharma@gmail.com,9333848350
EMP0501,Priya Reddy,HR,Mumbai,2021-10-26,,84.9,3.1,priya.reddy@gmail.com,9145090037
EMP0502,Pooja Nair,Information Technology,Mumbai,2023-11-10,54339.0,87.5,4.2,pooja.nair@gmail.com,9463377959
EMP0503,Rahul Sharma,Sales,Chennai,2023-08-13,65150.0,80.8,5.0,rahul.sharma@gmail.com,9946711815
EMP0504,Anjali Verma,Finance,Bengaluru,2020-02-13,53472.0,76.0,4.3,anjali.verma@gmail.com,9700248296
EMP0505,Vikram Singh,Marketing,Mumbai,2021-01-23,65626.0,86.7,4.7,vikram.singh@gmail.com,9742827694
EMP0506,Aman Das,HR,Hyderabad,2022-12-23,49377.0,86.4,4.4,aman.das@gmail.com,9643267978
EMP0507,Kiran Patel,Information Technology,Bengaluru,2020-02-08,53860.0,76.6,4.9,kiran.patel@gmail.com,9979447956
EMP0508,Kiran Patel,HR,Pune,2023-10-31,66140.0,83.1,4.1,kiran.patel@gmail.com,9218609961
EMP0509,Priya Reddy,Marketing,Hyderabad,2020-03-30,38504.0,80.1,3.7,priya.reddy@gmail.com,9206035856
EMP0510,Rahul Sharma,Marketing,Mumbai,2023-09-09,70892.0,80.5,4.3,rahul.sharma@gmail.com,9114051099
EMP0511,Sneha Rao,Information Technology,Mumbai,2024-08-31,82495.0,93.6,4.7,sneha.rao@gmail.com,9982644252
EMP0512,Anjali Verma,Information Technology,Hyderabad,2024-08-13,64669.0,95.9,2.7,anjali.verma@gmail.com,9331820924
EMP0513,Aman Das,Sales,Hyderabad,2024-01-25,55253.0,91.4,3.9,aman.das@gmail.com,9292090149
EMP0514,Aman Das,Information Technology,Pune,2022-04-30,80219.0,92.6,3.6,aman.das@gmail.com,9211779101
EMP0515,Arjun Kumar,HR,Pune,2022-04-02,73092.0,90.0,4.8,arjun.kumar@gmail.com,9438395096
EMP0516,Aman Das,IT,Chennai,2022-04-24,58219.0,89.1,3.0,aman.das@gmail.com,9922172936
EMP0517,Aman Das,Information Technology,Chennai,2022-01-07,59327.0,,2.6,aman.das@gmail.com,9405460403
EMP0518,Pooja Nair,Sales,Pune,2020-10-03,49781.0,80.5,4.6,pooja.nair@gmail.com,9123301671
EMP0519,Vikram Singh,Marketing,Pune,2023-02-13,67461.0,86.5,2.9,vikram.singh@gmail.com,9384528891
EMP0520,Anjali Verma,Marketing,Bengaluru,2021-04-22,49680.0,89.2,3.0,anjali.verma@gmail.com,9182894551
EMP0521,Anjali Verma,Finance,Bengaluru,2022-09-26,75193.0,82.5,4.3,anjali.verma@gmail.com,9718779908
EMP0522,Kiran Patel,Sales,Hyderabad,2024-04-27,87658.0,96.7,4.7,kiran.patel@gmail.com,9343436246
EMP0523,Pooja Nair,Sales,Mumbai,2020-04-20,32698.0,78.7,3.8,pooja.nair@gmail.com,9337079167
EMP0524,Arjun Kumar,Sales,Mumbai,2022-07-01,67699.0,82.2,3.5,arjun.kumar@gmail.com,9241936908
EMP0525,Anjali Verma,Sales,Mumbai,2023-03-16,65923.0,85.0,3.6,anjali.verma@gmail.com,9849332765
EMP0526,Arjun Kumar,HR,Mumbai,2023-02-19,55907.0,99.9,3.8,arjun.kumar@gmail.com,9360183853
EMP0527,Priya Reddy,IT,Mumbai,2021-10-24,67749.0,85.3,3.4,priya.reddy@gmail.com,9304536802
EMP0528,Anjali Verma,IT,Pune,2023-09-04,,83.7,4.6,anjali.verma@gmail.com,9961995665
EMP0529,Neha Gupta,Marketing,Bengaluru,2022-06-21,,84.3,4.4,neha.gupta@gmail.com,9192142552
EMP0530,Priya Reddy,Information Technology,Hyderabad,2021-05-12,39678.0,,4.2,priya.reddy@gmail.com,9219483835
EMP0531,Vikram Singh,Finance,Mumbai,2020-02-16,78497.0,88.1,3.1,vikram.singh@gmail.com,9618645569
EMP0532,Pooja Nair,Information Technology,Bengaluru,2023-11-24,31205.0,91.6,2.6,pooja.nair@gmail.com,9282879331
EMP0533,Rahul Sharma,IT,Bengaluru,2024-06-04,47778.0,98.6,2.7,rahul.sharma@gmail.com,9809069927
EMP0534,Vikram Singh,Information Technology,Chennai,2024-11-05,49168.0,84.5,4.9,vikram.singh@gmail.com,9206948671
EMP0535,Anjali Verma,Finance,Pune,2022-12-24,43033.0,92.8,2.6,anjali.verma@gmail.com,9668455421
EMP0536,Vikram Singh,IT,Mumbai,2022-03-16,31204.0,83.9,3.3,vikram.singh@gmail.com,9638214657
EMP0537,Vikram Singh,Sales,Chennai,2024-12-04,83402.0,98.7,3.1,vikram.singh@gmail.com,9466990085
EMP0538,Kiran Patel,Information Technology,Bengaluru,2020-06-28,64125.0,89.3,3.6,kiran.patel@gmail.com,9435418436
EMP0539,Pooja Nair,IT,Mumbai,2023-01-15,72760.0,92.1,3.0,pooja.nair@gmail.com,9248294102
EMP0540,Vikram Singh,Information Technology,Pune,2020-10-03,89572.0,89.1,2.9,vikram.singh@gmail.com,9172814771
EMP0541,Aman Das,Marketing,Hyderabad,2021-01-12,87647.0,94.1,4.7,aman.das@gmail.com,9544572227
EMP0542,Kiran Patel,IT,Mumbai,2024-03-07,88597.0,79.7,2.8,kiran.patel@gmail.com,9128130121
EMP0543,Pooja Nair,Marketing,Chennai,2023-05-25,45133.0,75.7,2.7,pooja.nair@gmail.com,9937332060
EMP0544,Neha Gupta,HR,Pune,2024-09-28,76662.0,84.7,3.7,neha.gupta@gmail.com,9275864280
EMP0545,Sneha Rao,HR,Hyderabad,2022-04-16,30983.0,80.6,4.2,sneha.rao@gmail.com,9317790892
EMP0546,Sneha Rao,Sales,Bengaluru,2022-06-18,62108.0,97.2,3.6,sneha.rao@gmail.com,9933454210
EMP0547,Rahul Sharma,Marketing,Mumbai,2024-01-14,70075.0,86.3,4.6,rahul.sharma@gmail.com,9145543743
EMP0548,Sneha Rao,Marketing,Pune,2022-03-21,32572.0,90.8,2.6,sneha.rao@gmail.com,9412651461
EMP0549,Neha Gupta,Finance,Chennai,2024-05-03,60234.0,90.3,2.6,neha.gupta@gmail.com,9655091932
EMP0550,Arjun Kumar,Finance,Mumbai,2020-07-04,37416.0,98.4,4.2,arjun.kumar@gmail.com,9245284437
EMP0551,Kiran Patel,Finance,Chennai,2022-07-12,,92.8,3.0,kiran.patel@gmail.com,9588212379
EMP0552,Priya Reddy,IT,Chennai,2023-11-17,76626.0,78.1,2.8,priya.reddy@gmail.com,9582537877
EMP0553,Anjali Verma,Sales,Pune,2023-12-19,81843.0,84.5,4.4,anjali.verma@gmail.com,9459910894
EMP0554,Pooja Nair,Information Technology,Bengaluru,2020-11-28,41722.0,82.7,4.4,pooja.nair@gmail.com,9579166131
EMP0555,Vikram Singh,Information Technology,Bengaluru,2020-08-28,43294.0,81.3,3.6,vikram.singh@gmail.com,9635413025
EMP0556,Aman Das,Sales,Pune,2022-10-07,68591.0,86.0,4.0,aman.das@gmail.com,9107057729
EMP0557,Sneha Rao,Marketing,Chennai,2023-06-23,83747.0,78.7,4.1,sneha.rao@gmail.com,9139428930
EMP0558,Arjun Kumar,Sales,Pune,2024-09-12,51699.0,85.4,2.9,arjun.kumar@gmail.com,9821651676
EMP0559,Vikram Singh,Marketing,Pune,2023-03-18,41627.0,84.0,2.6,vikram.singh@gmail.com,9925183459
EMP0560,Vikram Singh,IT,Chennai,2022-02-15,79705.0,76.6,3.7,vikram.singh@gmail.com,9231021447
EMP0561,Vikram Singh,IT,Pune,2022-04-27,75601.0,77.7,4.3,vikram.singh@gmail.com,9775360627
EMP0562,Aman Das,Sales,Mumbai,2024-01-22,81654.0,96.2,3.1,aman.das@gmail.com,9717554752
EMP0563,Pooja Nair,IT,Bengaluru,2023-06-12,64059.0,79.5,4.0,pooja.nair@gmail.com,9860839571
EMP0564,Vikram Singh,HR,Hyderabad,2020-08-30,,80.2,4.0,vikram.singh@gmail.com,9545207819
EMP0565,Kiran Patel,Sales,Chennai,2021-12-17,71779.0,,3.0,kiran.patel@gmail.com,9402394369
EMP0566,Vikram Singh,Sales,Chennai,2021-09-06,51228.0,83.3,3.5,vikram.singh@gmail.com,9710874853
EMP0567,Pooja Nair,Sales,Bengaluru,2021-02-01,52147.0,94.9,4.1,pooja.nair@gmail.com,9617001884
EMP0568,Arjun Kumar,Information Technology,Mumbai,2024-11-06,51961.0,85.3,4.4,arjun.kumar@gmail.com,9996687959
EMP0569,Aman Das,IT,Pune,2024-01-24,66384.0,92.1,4.5,aman.das@gmail.com,9954465272
EMP0570,Anjali Verma,Sales,Bengaluru,2021-07-28,52226.0,96.1,3.9,anjali.verma@gmail.com,9518293601
EMP0571,Arjun Kumar,Marketing,Hyderabad,2024-11-05,50203.0,81.8,2.7,arjun.kumar@gmail.com,9355166423
EMP0572,Anjali Verma,Finance,Chennai,2021-03-18,41469.0,75.9,3.0,anjali.verma@gmail.com,9199432918
EMP0573,Neha Gupta,Marketing,Hyderabad,2024-06-24,62771.0,98.1,4.3,neha.gupta@gmail.com,9662241242
EMP0574,Vikram Singh,IT,Bengaluru,2024-04-24,83879.0,75.9,3.5,vikram.singh@gmail.com,9660863541
EMP0575,Priya Reddy,Sales,Chennai,2020-03-31,68947.0,97.2,2.8,priya.reddy@gmail.com,9922679709
EMP0576,Vikram Singh,Sales,Pune,2024-04-02,88466.0,79.8,3.2,vikram.singh@gmail.com,9442684477
EMP0577,Neha Gupta,Information Technology,Hyderabad,2021-07-12,47933.0,,4.1,neha.gupta@gmail.com,9651968433
EMP0578,Priya Reddy,HR,Pune,2021-12-18,47763.0,95.1,3.9,priya.reddy@gmail.com,9283905107
EMP0579,Priya Reddy,IT,Pune,2021-11-24,33324.0,,4.8,priya.reddy@gmail.com,9154176732
EMP0580,Priya Reddy,Finance,Hyderabad,2020-06-25,41729.0,82.8,4.5,priya.reddy@gmail.com,9865469134
EMP0581,Aman Das,Sales,Mumbai,2023-03-08,83271.0,82.8,4.1,aman.das@gmail.com,9923016120
EMP0582,Neha Gupta,Finance,Bengaluru,2021-04-03,88700.0,84.8,4.2,neha.gupta@gmail.com,9814232253
EMP0583,Anjali Verma,IT,Mumbai,2022-09-25,,87.0,4.6,anjali.verma@gmail.com,9403071541
EMP0584,Anjali Verma,Marketing,Pune,2020-09-17,56587.0,91.2,4.5,anjali.verma@gmail.com,9672031195
EMP0585,Neha Gupta,Finance,Pune,2022-04-26,45970.0,84.6,3.4,neha.gupta@gmail.com,9973935331
EMP0586,Pooja Nair,Finance,Mumbai,2023-03-07,65686.0,91.7,4.3,pooja.nair@gmail.com,9864406274
EMP0587,Pooja Nair,Finance,Hyderabad,2023-04-27,51323.0,79.4,4.9,pooja.nair@gmail.com,9174740628
EMP0588,Pooja Nair,Sales,Pune,2024-04-28,51457.0,76.5,3.0,pooja.nair@gmail.com,9249160711
EMP0589,Pooja Nair,Information Technology,Hyderabad,2024-03-30,39779.0,84.7,3.9,pooja.nair@gmail.com,9310095433
EMP0590,Sneha Rao,Information Technology,Chennai,2021-09-05,89847.0,98.4,4.3,sneha.rao@gmail.com,9469651326
EMP0591,Priya Reddy,Marketing,Hyderabad,2023-06-06,56489.0,76.6,4.8,priya.reddy@gmail.com,9157045020
EMP0592,Rahul Sharma,Information Technology,Pune,2024-08-07,37189.0,80.9,4.3,rahul.sharma@gmail.com,9523342384
EMP0593,Anjali Verma,Information Technology,Mumbai,2022-04-11,65724.0,86.9,3.0,anjali.verma@gmail.com,9512955792
EMP0594,Anjali Verma,Finance,Bengaluru,2021-08-13,73913.0,76.8,2.5,anjali.verma@gmail.com,9874532101
EMP0595,Neha Gupta,Information Technology,Mumbai,2020-10-05,72090.0,97.3,4.2,neha.gupta@gmail.com,9557096375
EMP0596,Pooja Nair,HR,Mumbai,2022-11-09,83744.0,80.6,3.6,pooja.nair@gmail.com,9107977894
EMP0597,Pooja Nair,Finance,Bengaluru,2023-12-29,56924.0,75.9,3.7,pooja.nair@gmail.com,9495758262
EMP0598,Priya Reddy,Marketing,Mumbai,2023-11-15,77853.0,77.0,4.7,priya.reddy@gmail.com,9194968544
EMP0599,Sneha Rao,Finance,Hyderabad,2023-11-01,82304.0,97.6,3.8,sneha.rao@gmail.com,9111578585
EMP0600,Neha Gupta,Finance,Pune,2022-08-18,51726.0,99.4,3.2,neha.gupta@gmail.com,9279860527
EMP0601,Rahul Sharma,Information Technology,Pune,2024-03-14,81447.0,86.8,2.9,rahul.sharma@gmail.com,9155426425
EMP0602,Vikram Singh,Information Technology,Pune,2020-02-25,35407.0,96.3,3.2,vikram.singh@gmail.com,9242312411
EMP0603,Pooja Nair,IT,Chennai,2024-10-22,78590.0,97.8,4.3,pooja.nair@gmail.com,9807762976
EMP0604,Neha Gupta,IT,Bengaluru,2021-06-19,45479.0,88.2,2.6,neha.gupta@gmail.com,9190625378
EMP0605,Arjun Kumar,Marketing,Bengaluru,2024-09-11,57062.0,86.0,4.1,arjun.kumar@gmail.com,9326405706
EMP0606,Pooja Nair,Information Technology,Chennai,2020-04-21,79511.0,86.6,3.7,pooja.nair@gmail.com,9611386978
EMP0607,Aman Das,HR,Mumbai,2023-10-31,61102.0,96.8,2.5,aman.das@gmail.com,9956104065
EMP0608,Neha Gupta,Finance,Chennai,2022-12-21,32688.0,90.9,4.9,neha.gupta@gmail.com,9563626557
EMP0609,Pooja Nair,Information Technology,Chennai,2021-11-17,82580.0,89.6,3.7,pooja.nair@gmail.com,9825088319
EMP0610,Sneha Rao,Information Technology,Pune,2024-04-26,52112.0,75.3,2.5,sneha.rao@gmail.com,9172962860
EMP0611,Rahul Sharma,Finance,Hyderabad,2022-12-11,59225.0,82.1,3.0,rahul.sharma@gmail.com,9125448191
EMP0612,Pooja Nair,Sales,Hyderabad,2023-05-01,84752.0,91.0,4.3,pooja.nair@gmail.com,9228824444
EMP0613,Priya Reddy,Marketing,Bengaluru,2022-02-08,88975.0,92.4,3.1,priya.reddy@gmail.com,9601389735
EMP0614,Priya Reddy,Information Technology,Mumbai,2021-07-20,75365.0,94.5,3.2,priya.reddy@gmail.com,9166987938
EMP0615,Kiran Patel,Finance,Chennai,2020-05-03,83267.0,76.7,4.9,kiran.patel@gmail.com,9315466821
EMP0616,Pooja Nair,Finance,Bengaluru,2023-08-14,39428.0,91.1,4.8,pooja.nair@gmail.com,9868155245
EMP0617,Vikram Singh,Sales,Hyderabad,2020-05-29,77680.0,75.5,3.7,vikram.singh@gmail.com,9801008808
EMP0618,Rahul Sharma,Sales,Mumbai,2021-06-29,51615.0,87.9,4.8,rahul.sharma@gmail.com,9626863054
EMP0619,Neha Gupta,Finance,Mumbai,2024-09-24,83233.0,75.1,4.9,neha.gupta@gmail.com,9978295746
EMP0620,Neha Gupta,Sales,Pune,2023-01-01,53522.0,85.0,4.1,neha.gupta@gmail.com,9794790862
EMP0621,Priya Reddy,IT,Pune,2024-10-13,35272.0,82.2,3.0,priya.reddy@gmail.com,9695363509
EMP0622,Rahul Sharma,Finance,Bengaluru,2021-09-04,88750.0,84.0,2.7,rahul.sharma@gmail.com,9779454449
EMP0623,Neha Gupta,Information Technology,Bengaluru,2020-10-13,,89.8,3.7,neha.gupta@gmail.com,9167637817
EMP0624,Aman Das,Information Technology,Chennai,2022-10-20,84673.0,75.4,3.3,aman.das@gmail.com,9462622584
EMP0625,Rahul Sharma,Finance,Hyderabad,2021-03-09,73733.0,96.8,3.8,rahul.sharma@gmail.com,9895697985
EMP0626,Pooja Nair,HR,Hyderabad,2020-03-16,62040.0,98.0,2.6,pooja.nair@gmail.com,9853011714
EMP0627,Arjun Kumar,Sales,Bengaluru,2023-07-19,,77.4,4.0,arjun.kumar@gmail.com,9996952545
EMP0628,Pooja Nair,Sales,Hyderabad,2020-08-21,82374.0,80.1,3.3,pooja.nair@gmail.com,9997536437
EMP0629,Kiran Patel,IT,Hyderabad,2023-11-02,39000.0,94.8,4.4,kiran.patel@gmail.com,9736820440
EMP0630,Arjun Kumar,IT,Hyderabad,2020-09-04,79646.0,84.2,2.9,arjun.kumar@gmail.com,9361611400
EMP0631,Pooja Nair,Sales,Bengaluru,2020-07-23,71431.0,75.4,3.7,pooja.nair@gmail.com,9106817809
EMP0632,Rahul Sharma,HR,Hyderabad,2023-12-18,88124.0,95.2,4.4,rahul.sharma@gmail.com,9843414103
EMP0633,Arjun Kumar,HR,Bengaluru,2023-08-03,59518.0,79.4,4.2,arjun.kumar@gmail.com,9740242156
EMP0634,Arjun Kumar,Information Technology,Mumbai,2023-06-07,71103.0,75.1,3.1,arjun.kumar@gmail.com,9226173057
EMP0635,Aman Das,Sales,Pune,2022-01-11,65371.0,90.7,3.0,aman.das@gmail.com,9156982428
EMP0636,Sneha Rao,Sales,Bengaluru,2023-11-04,89735.0,79.0,4.8,sneha.rao@gmail.com,9158011705
EMP0637,Anjali Verma,IT,Bengaluru,2022-06-09,70423.0,93.5,4.8,anjali.verma@gmail.com,9288857880
EMP0638,Arjun Kumar,Sales,Mumbai,2022-11-20,88659.0,89.8,3.3,arjun.kumar@gmail.com,9313407685
EMP0639,Anjali Verma,HR,Hyderabad,2021-10-29,45539.0,84.4,3.1,anjali.verma@gmail.com,9605721937
EMP0640,Pooja Nair,Finance,Hyderabad,2022-06-11,69939.0,84.3,3.6,pooja.nair@gmail.com,9308472258
EMP0641,Anjali Verma,IT,Bengaluru,2021-11-18,75364.0,77.8,3.7,anjali.verma@gmail.com,9549064417
EMP0642,Arjun Kumar,IT,Bengaluru,2021-08-27,81743.0,88.8,3.1,arjun.kumar@gmail.com,9542055365
EMP0643,Aman Das,Finance,Bengaluru,2023-04-26,60327.0,,3.6,aman.das@gmail.com,9364842906
EMP0644,Sneha Rao,IT,Mumbai,2023-04-01,68782.0,97.5,3.5,sneha.rao@gmail.com,9147485372
EMP0645,Rahul Sharma,Finance,Pune,2020-03-09,55842.0,92.4,2.7,rahul.sharma@gmail.com,9631808267
EMP0646,Sneha Rao,Sales,Pune,2024-03-22,,78.3,3.2,sneha.rao@gmail.com,9795398363
EMP0647,Priya Reddy,Sales,Mumbai,2023-10-02,76091.0,93.7,2.6,priya.reddy@gmail.com,9588381587
EMP0648,Neha Gupta,HR,Mumbai,2021-01-13,54275.0,75.0,4.1,neha.gupta@gmail.com,9513260967
EMP0649,Anjali Verma,Marketing,Hyderabad,2021-08-30,47680.0,77.0,4.7,anjali.verma@gmail.com,9890017125
EMP0650,Rahul Sharma,Marketing,Chennai,2020-04-15,53959.0,84.1,2.9,rahul.sharma@gmail.com,9699996680
EMP0651,Priya Reddy,Marketing,Bengaluru,2020-10-10,45639.0,93.4,4.4,priya.reddy@gmail.com,9854672588
EMP0652,Sneha Rao,Information Technology,Bengaluru,2021-10-18,47521.0,76.6,3.4,sneha.rao@gmail.com,9622082166
EMP0653,Aman Das,Marketing,Hyderabad,2022-08-20,74453.0,84.2,4.2,aman.das@gmail.com,9844342619
EMP0654,Priya Reddy,HR,Mumbai,2020-06-27,88847.0,98.9,2.8,priya.reddy@gmail.com,9396291256
EMP0655,Priya Reddy,Information Technology,Bengaluru,2022-10-13,43386.0,99.2,3.9,priya.reddy@gmail.com,9241763305
EMP0656,Neha Gupta,IT,Mumbai,2022-06-28,31407.0,75.6,4.5,neha.gupta@gmail.com,9996518070
EMP0657,Aman Das,Information Technology,Chennai,2022-04-23,72975.0,91.6,3.8,aman.das@gmail.com,9688913795
EMP0658,Neha Gupta,Finance,Chennai,2023-03-07,81730.0,81.5,3.7,neha.gupta@gmail.com,9409394722
EMP0659,Rahul Sharma,HR,Chennai,2021-08-05,40902.0,82.1,4.9,rahul.sharma@gmail.com,9860328560
EMP0660,Arjun Kumar,HR,Bengaluru,2020-08-27,,86.0,3.4,arjun.kumar@gmail.com,9320283891
EMP0661,Aman Das,Information Technology,Hyderabad,2023-09-25,52534.0,88.5,2.9,aman.das@gmail.com,9423797338
EMP0662,Priya Reddy,Sales,Mumbai,2022-10-19,60018.0,99.3,3.9,priya.reddy@gmail.com,9644826299
EMP0663,Anjali Verma,Information Technology,Chennai,2022-08-28,79424.0,93.2,4.8,anjali.verma@gmail.com,9463659637
EMP0664,Priya Reddy,Information Technology,Mumbai,2020-03-23,66107.0,85.0,4.6,priya.reddy@gmail.com,9578859534
EMP0665,Anjali Verma,Sales,Chennai,2020-04-22,42789.0,94.2,3.0,anjali.verma@gmail.com,9189753594
EMP0666,Aman Das,Finance,Hyderabad,2022-11-14,62143.0,87.8,2.6,aman.das@gmail.com,9815934958
EMP0667,Anjali Verma,Finance,Bengaluru,2024-01-06,54224.0,82.1,3.4,anjali.verma@gmail.com,9578433629
EMP0668,Aman Das,Sales,Bengaluru,2024-01-30,78596.0,82.2,4.5,aman.das@gmail.com,9555086354
EMP0669,Kiran Patel,HR,Pune,2023-05-09,43617.0,96.7,5.0,kiran.patel@gmail.com,9170991275
EMP0670,Pooja Nair,Finance,Hyderabad,2020-01-14,89926.0,88.9,4.3,pooja.nair@gmail.com,9910936792
EMP0671,Arjun Kumar,HR,Bengaluru,2024-08-31,66298.0,95.7,4.6,arjun.kumar@gmail.com,9426325581
EMP0672,Neha Gupta,Marketing,Mumbai,2021-04-04,,82.5,4.1,neha.gupta@gmail.com,9783501986
EMP0673,Neha Gupta,Sales,Chennai,2022-05-04,89427.0,,4.4,neha.gupta@gmail.com,9629408646
EMP0674,Priya Reddy,Marketing,Chennai,2023-04-05,58578.0,86.9,4.2,priya.reddy@gmail.com,9228402006
EMP0675,Anjali Verma,Marketing,Pune,2020-02-05,40672.0,86.5,4.2,anjali.verma@gmail.com,9483739723
EMP0676,Arjun Kumar,Sales,Chennai,2022-01-09,89775.0,82.3,4.1,arjun.kumar@gmail.com,9182492018
EMP0677,Aman Das,HR,Bengaluru,2024-04-15,79324.0,96.8,4.6,aman.das@gmail.com,9835477875
EMP0678,Vikram Singh,IT,Chennai,2020-07-15,53044.0,,3.8,vikram.singh@gmail.com,9500520940
EMP0679,Neha Gupta,Finance,Chennai,2020-11-29,40128.0,94.9,3.9,neha.gupta@gmail.com,9840509085
EMP0680,Aman Das,Marketing,Pune,2023-12-09,37468.0,76.9,4.5,aman.das@gmail.com,9118660989
EMP0681,Neha Gupta,IT,Chennai,2023-11-16,83545.0,89.9,4.4,neha.gupta@gmail.com,9467268165
EMP0682,Arjun Kumar,Information Technology,Chennai,2020-02-28,37772.0,92.4,4.2,arjun.kumar@gmail.com,9430098648
EMP0683,Arjun Kumar,HR,Bengaluru,2020-06-09,80005.0,94.4,4.4,arjun.kumar@gmail.com,9145652216
EMP0684,Sneha Rao,Sales,Hyderabad,2024-06-12,68874.0,97.7,2.6,sneha.rao@gmail.com,9423889716
EMP0685,Rahul Sharma,Sales,Hyderabad,2023-05-17,89059.0,83.8,2.7,rahul.sharma@gmail.com,9901224008
EMP0686,Vikram Singh,Marketing,Chennai,2021-12-22,62809.0,76.7,4.5,vikram.singh@gmail.com,9919527047
EMP0687,Rahul Sharma,Marketing,Bengaluru,2024-01-05,48471.0,88.4,4.9,rahul.sharma@gmail.com,9205962980
EMP0688,Sneha Rao,Marketing,Mumbai,2022-01-20,42132.0,77.7,4.6,sneha.rao@gmail.com,9507608561
EMP0689,Kiran Patel,HR,Pune,2021-04-11,79899.0,77.8,2.8,kiran.patel@gmail.com,9918485133
EMP0690,Anjali Verma,Information Technology,Chennai,2023-02-15,35390.0,84.6,3.6,anjali.verma@gmail.com,9890461268
EMP0691,Vikram Singh,Information Technology,Mumbai,2021-04-07,49044.0,76.7,4.6,vikram.singh@gmail.com,9610754070
EMP0692,Anjali Verma,HR,Hyderabad,2023-10-12,36892.0,91.5,2.7,anjali.verma@gmail.com,9253939747
EMP0693,Kiran Patel,Finance,Pune,2020-07-27,88486.0,99.4,3.3,kiran.patel@gmail.com,9738834325
EMP0694,Kiran Patel,Sales,Bengaluru,2024-09-12,62709.0,94.1,4.0,kiran.patel@gmail.com,9912074097
EMP0695,Kiran Patel,IT,Mumbai,2023-09-27,56505.0,78.7,3.6,kiran.patel@gmail.com,9231200576
EMP0696,Vikram Singh,Finance,Mumbai,2021-04-17,38821.0,76.3,2.7,vikram.singh@gmail.com,9828112320
EMP0697,Rahul Sharma,HR,Mumbai,2023-05-23,40009.0,77.4,2.7,rahul.sharma@gmail.com,9907034823
EMP0698,Aman Das,Finance,Mumbai,2021-02-17,62630.0,88.6,4.5,aman.das@gmail.com,9680388580
EMP0699,Aman Das,Sales,Hyderabad,2022-05-31,37807.0,96.3,3.6,aman.das@gmail.com,9138634432
EMP0700,Rahul Sharma,HR,Pune,2023-09-12,49860.0,78.4,4.3,rahul.sharma@gmail.com,9623400737
EMP0701,Priya Reddy,Marketing,Mumbai,2023-09-13,65349.0,96.4,3.8,priya.reddy@gmail.com,9520246255
EMP0702,Vikram Singh,Finance,Pune,2022-02-12,53118.0,75.7,2.6,vikram.singh@gmail.com,9998651200
EMP0703,Anjali Verma,IT,Pune,2020-02-25,70970.0,85.7,5.0,anjali.verma@gmail.com,9542306042
EMP0704,Anjali Verma,Sales,Bengaluru,2021-05-22,50453.0,76.6,3.3,anjali.verma@gmail.com,9462489075
EMP0705,Arjun Kumar,Sales,Pune,2021-10-29,,97.5,3.2,arjun.kumar@gmail.com,9847279721
EMP0706,Neha Gupta,Marketing,Hyderabad,2021-10-10,55578.0,95.2,2.8,neha.gupta@gmail.com,9824895234
EMP0707,Sneha Rao,IT,Mumbai,2022-10-26,73737.0,82.5,4.9,sneha.rao@gmail.com,9316636672
EMP0708,Neha Gupta,Information Technology,Hyderabad,2024-09-17,44029.0,82.4,3.9,neha.gupta@gmail.com,9963935915
EMP0709,Sneha Rao,Marketing,Hyderabad,2024-01-09,36208.0,89.2,3.8,sneha.rao@gmail.com,9558601461
EMP0710,Sneha Rao,IT,Hyderabad,2023-08-27,63072.0,88.5,3.0,sneha.rao@gmail.com,9531967365
EMP0711,Vikram Singh,Marketing,Pune,2022-07-17,65885.0,90.7,3.8,vikram.singh@gmail.com,9300294656
EMP0712,Pooja Nair,Finance,Bengaluru,2023-09-15,78641.0,90.9,4.5,pooja.nair@gmail.com,9925835412
EMP0713,Kiran Patel,Marketing,Hyderabad,2022-12-05,60309.0,93.7,4.4,kiran.patel@gmail.com,9567495148
EMP0714,Kiran Patel,IT,Hyderabad,2023-07-22,57029.0,91.2,3.1,kiran.patel@gmail.com,9745568239
EMP0715,Sneha Rao,Finance,Bengaluru,2020-08-20,31815.0,82.8,3.7,sneha.rao@gmail.com,9568294151
EMP0716,Kiran Patel,Information Technology,Hyderabad,2021-02-17,38941.0,95.1,4.1,kiran.patel@gmail.com,9288962695
EMP0717,Rahul Sharma,Information Technology,Mumbai,2024-05-21,,82.4,2.7,rahul.sharma@gmail.com,9537020273
EMP0718,Anjali Verma,Information Technology,Hyderabad,2022-03-23,77463.0,89.3,3.8,anjali.verma@gmail.com,9229539022
EMP0719,Aman Das,Information Technology,Pune,2024-05-06,46502.0,81.0,2.8,aman.das@gmail.com,9966173833
EMP0720,Anjali Verma,IT,Pune,2024-02-18,79045.0,80.5,2.8,anjali.verma@gmail.com,9329897397
EMP0721,Vikram Singh,Finance,Mumbai,2021-06-04,33665.0,92.5,2.8,vikram.singh@gmail.com,9685989264
EMP0722,Kiran Patel,Finance,Bengaluru,2021-07-22,39496.0,84.2,3.3,kiran.patel@gmail.com,9792990377
EMP0723,Pooja Nair,Sales,Hyderabad,2023-11-15,74013.0,84.6,4.1,pooja.nair@gmail.com,9852281566
EMP0724,Anjali Verma,Information Technology,Hyderabad,2022-12-31,86206.0,97.7,3.5,anjali.verma@gmail.com,9374377213
EMP0725,Vikram Singh,Sales,Bengaluru,2021-09-01,88343.0,90.8,4.7,vikram.singh@gmail.com,9923281773
EMP0726,Kiran Patel,Sales,Chennai,2024-11-09,81082.0,85.3,4.6,kiran.patel@gmail.com,9870287372
EMP0727,Kiran Patel,Sales,Bengaluru,2023-12-01,34349.0,93.2,3.9,kiran.patel@gmail.com,9450864838
EMP0728,Neha Gupta,Information Technology,Hyderabad,2024-04-09,72047.0,94.8,2.8,neha.gupta@gmail.com,9530207385
EMP0729,Sneha Rao,Information Technology,Chennai,2021-10-04,37263.0,92.8,4.4,sneha.rao@gmail.com,9797052321
EMP0730,Arjun Kumar,Marketing,Mumbai,2024-06-11,59588.0,78.3,2.9,arjun.kumar@gmail.com,9736750819
EMP0731,Anjali Verma,IT,Bengaluru,2020-06-21,41920.0,98.6,4.7,anjali.verma@gmail.com,9341041227
EMP0732,Rahul Sharma,Sales,Pune,2023-08-18,44988.0,80.0,4.3,rahul.sharma@gmail.com,9281200333
EMP0733,Rahul Sharma,Finance,Pune,2022-05-28,39781.0,79.3,3.9,rahul.sharma@gmail.com,9115155764
EMP0734,Aman Das,Finance,Mumbai,2024-08-21,37766.0,79.8,4.7,aman.das@gmail.com,9939797045
EMP0735,Vikram Singh,IT,Mumbai,2022-02-21,86120.0,99.9,3.2,vikram.singh@gmail.com,9827125778
EMP0736,Sneha Rao,Finance,Bengaluru,2022-04-16,31885.0,80.9,3.6,sneha.rao@gmail.com,9366629382
EMP0737,Anjali Verma,Marketing,Mumbai,2020-06-24,,99.4,3.5,anjali.verma@gmail.com,9327866978
EMP0738,Kiran Patel,Information Technology,Mumbai,2024-02-16,34787.0,76.3,4.8,kiran.patel@gmail.com,9605659835
EMP0739,Anjali Verma,Marketing,Pune,2023-12-24,32982.0,90.5,3.3,anjali.verma@gmail.com,9523802474
EMP0740,Anjali Verma,HR,Pune,2020-03-25,47058.0,98.3,4.7,anjali.verma@gmail.com,9241647522
EMP0741,Priya Reddy,IT,Pune,2022-06-05,37657.0,78.2,4.7,priya.reddy@gmail.com,9996364012
EMP0742,Vikram Singh,Information Technology,Chennai,2022-05-30,87470.0,94.0,3.2,vikram.singh@gmail.com,9436092271
EMP0743,Kiran Patel,HR,Chennai,2024-02-18,80048.0,98.1,4.1,kiran.patel@gmail.com,9572435232
EMP0744,Rahul Sharma,HR,Bengaluru,2020-04-21,32350.0,92.6,3.6,rahul.sharma@gmail.com,9631406400
EMP0745,Rahul Sharma,Finance,Chennai,2023-12-23,59999.0,93.0,2.9,rahul.sharma@gmail.com,9475384764
EMP0746,Priya Reddy,HR,Chennai,2021-01-04,79147.0,91.6,3.0,priya.reddy@gmail.com,9104429962
EMP0747,Aman Das,Marketing,Bengaluru,2022-05-02,46132.0,97.2,2.6,aman.das@gmail.com,9831553554
EMP0748,Priya Reddy,Finance,Chennai,2023-04-24,36951.0,77.0,4.6,priya.reddy@gmail.com,9808174957
EMP0749,Neha Gupta,Finance,Chennai,2023-05-01,51589.0,98.8,3.3,neha.gupta@gmail.com,9885490692
EMP0750,Pooja Nair,HR,Bengaluru,2024-11-02,,76.4,2.7,pooja.nair@gmail.com,9746705600
EMP0751,Kiran Patel,Sales,Mumbai,2021-06-06,80520.0,96.3,2.9,kiran.patel@gmail.com,9936973744
EMP0752,Kiran Patel,IT,Bengaluru,2020-09-03,82500.0,98.0,4.8,kiran.patel@gmail.com,9748017800
EMP0753,Arjun Kumar,IT,Hyderabad,2024-08-31,43098.0,84.7,3.2,arjun.kumar@gmail.com,9744610969
EMP0754,Kiran Patel,Sales,Mumbai,2024-07-18,42213.0,77.3,3.8,kiran.patel@gmail.com,9597706044
EMP0755,Sneha Rao,Information Technology,Bengaluru,2022-10-11,72416.0,85.9,4.8,sneha.rao@gmail.com,9612831297
EMP0756,Vikram Singh,HR,Bengaluru,2023-11-02,85151.0,82.4,2.6,vikram.singh@gmail.com,9182176167
EMP0757,Rahul Sharma,Marketing,Hyderabad,2022-11-11,36192.0,89.2,3.1,rahul.sharma@gmail.com,9373654063
EMP0758,Pooja Nair,Sales,Pune,2020-02-03,73357.0,79.6,3.5,pooja.nair@gmail.com,9189432561
EMP0759,Kiran Patel,Information Technology,Chennai,2021-10-04,59818.0,81.6,4.9,kiran.patel@gmail.com,9969737332
EMP0760,Arjun Kumar,HR,Bengaluru,2020-06-09,69587.0,77.7,3.8,arjun.kumar@gmail.com,9106278247
EMP0761,Kiran Patel,Sales,Hyderabad,2020-12-17,60157.0,99.1,4.0,kiran.patel@gmail.com,9622614299
EMP0762,Vikram Singh,Marketing,Pune,2022-01-08,75239.0,77.2,2.8,vikram.singh@gmail.com,9304872179
EMP0763,Priya Reddy,Sales,Bengaluru,2024-10-25,,91.2,3.6,priya.reddy@gmail.com,9772225892
EMP0764,Aman Das,HR,Hyderabad,2021-09-08,39710.0,77.9,4.8,aman.das@gmail.com,9893260250
EMP0765,Neha Gupta,Finance,Mumbai,2020-02-10,68353.0,89.2,4.6,neha.gupta@gmail.com,9154677276
EMP0766,Anjali Verma,Sales,Hyderabad,2023-07-15,58297.0,93.4,4.0,anjali.verma@gmail.com,9695179948
EMP0767,Vikram Singh,Sales,Mumbai,2022-03-29,68734.0,76.5,2.5,vikram.singh@gmail.com,9718908388
EMP0768,Anjali Verma,Marketing,Hyderabad,2021-07-02,57337.0,90.6,4.1,anjali.verma@gmail.com,9581385722
EMP0769,Kiran Patel,Sales,Bengaluru,2021-08-12,60752.0,87.7,4.0,kiran.patel@gmail.com,9835485325
EMP0770,Anjali Verma,Marketing,Mumbai,2020-09-25,77382.0,95.8,4.2,anjali.verma@gmail.com,9888754244
EMP0771,Anjali Verma,Finance,Bengaluru,2023-06-27,75265.0,78.2,3.0,anjali.verma@gmail.com,9750418046
EMP0772,Neha Gupta,Sales,Mumbai,2022-10-08,43725.0,84.0,3.2,neha.gupta@gmail.com,9826845755
EMP0773,Arjun Kumar,HR,Pune,2020-03-06,52133.0,80.7,3.9,arjun.kumar@gmail.com,9622230767
EMP0774,Vikram Singh,IT,Chennai,2024-04-24,,96.3,4.7,vikram.singh@gmail.com,9748850893
EMP0775,Priya Reddy,Information Technology,Hyderabad,2022-06-15,85154.0,94.5,4.0,priya.reddy@gmail.com,9209379970
EMP0776,Aman Das,Sales,Pune,2020-08-03,37737.0,78.9,3.2,aman.das@gmail.com,9574076243
EMP0777,Aman Das,Finance,Hyderabad,2020-11-11,51928.0,80.0,4.9,aman.das@gmail.com,9925942935
EMP0778,Rahul Sharma,HR,Mumbai,2021-11-30,41223.0,92.9,3.5,rahul.sharma@gmail.com,9775856484
EMP0779,Sneha Rao,HR,Pune,2022-05-13,39043.0,85.2,3.6,sneha.rao@gmail.com,9654217523
EMP0780,Anjali Verma,Sales,Mumbai,2020-10-25,77030.0,82.9,5.0,anjali.verma@gmail.com,9276442282
EMP0781,Kiran Patel,Sales,Mumbai,2024-04-03,,76.4,4.1,kiran.patel@gmail.com,9865974687
EMP0782,Aman Das,IT,Mumbai,2022-04-03,75926.0,82.8,3.4,aman.das@gmail.com,9987988308
EMP0783,Vikram Singh,Marketing,Pune,2020-10-27,59241.0,90.6,4.0,vikram.singh@gmail.com,9574748306
EMP0784,Anjali Verma,Information Technology,Mumbai,2024-05-07,49761.0,83.4,4.3,anjali.verma@gmail.com,9894625016
EMP0785,Arjun Kumar,Marketing,Pune,2021-08-04,63532.0,93.9,2.9,arjun.kumar@gmail.com,9129947975
EMP0786,Aman Das,Marketing,Chennai,2021-05-09,49919.0,77.8,2.6,aman.das@gmail.com,9500483008
EMP0787,Vikram Singh,Information Technology,Pune,2021-12-26,79581.0,89.3,2.5,vikram.singh@gmail.com,9463977316
EMP0788,Sneha Rao,Information Technology,Pune,2023-03-04,71139.0,82.1,4.5,sneha.rao@gmail.com,9867569137
EMP0789,Pooja Nair,Information Technology,Bengaluru,2024-01-02,78333.0,87.9,3.0,pooja.nair@gmail.com,9935961171
EMP0790,Anjali Verma,Finance,Hyderabad,2020-10-27,84292.0,76.6,4.7,anjali.verma@gmail.com,9611372846
EMP0791,Sneha Rao,Finance,Hyderabad,2022-01-26,56394.0,89.6,4.1,sneha.rao@gmail.com,9572532253
EMP0792,Neha Gupta,Information Technology,Mumbai,2024-08-14,63147.0,86.4,4.9,neha.gupta@gmail.com,9651028717
EMP0793,Aman Das,Sales,Bengaluru,2022-07-21,78922.0,84.2,4.9,aman.das@gmail.com,9745963305
EMP0794,Kiran Patel,Sales,Hyderabad,2022-01-26,32639.0,82.6,3.4,kiran.patel@gmail.com,9415660014
EMP0795,Neha Gupta,Sales,Bengaluru,2020-10-18,57640.0,82.6,3.2,neha.gupta@gmail.com,9296577569
EMP0796,Neha Gupta,Sales,Hyderabad,2023-01-26,87044.0,89.3,3.9,neha.gupta@gmail.com,9462734944
EMP0797,Kiran Patel,Finance,Pune,2020-09-28,63080.0,91.7,2.9,kiran.patel@gmail.com,9881538189
EMP0798,Anjali Verma,Sales,Pune,2023-09-22,55377.0,83.5,2.6,anjali.verma@gmail.com,9819883588
EMP0799,Neha Gupta,Information Technology,Chennai,2023-08-15,40853.0,94.9,4.3,neha.gupta@gmail.com,9702416787
EMP0800,Priya Reddy,Information Technology,Pune,2020-06-23,70547.0,88.0,4.4,priya.reddy@gmail.com,9639704301
EMP0801,Rahul Sharma,Sales,Pune,2021-01-03,48019.0,92.6,4.7,rahul.sharma@gmail.com,9576987762
EMP0802,Priya Reddy,Marketing,Pune,2021-10-18,32948.0,75.6,3.6,priya.reddy@gmail.com,9545534593
EMP0803,Rahul Sharma,Marketing,Chennai,2022-02-21,37513.0,82.1,3.0,rahul.sharma@gmail.com,9924960882
EMP0804,Priya Reddy,HR,Chennai,2022-04-14,33860.0,92.8,3.2,priya.reddy@gmail.com,9206025798
EMP0805,Anjali Verma,HR,Mumbai,2021-10-25,84246.0,81.0,4.0,anjali.verma@gmail.com,9353930401
EMP0806,Neha Gupta,Marketing,Pune,2022-02-27,47648.0,88.8,2.7,neha.gupta@gmail.com,9131038055
EMP0807,Kiran Patel,Information Technology,Bengaluru,2020-02-08,68415.0,88.9,4.5,kiran.patel@gmail.com,9427075547
EMP0808,Pooja Nair,Finance,Mumbai,2020-06-20,62796.0,78.6,3.9,pooja.nair@gmail.com,9280590847
EMP0809,Sneha Rao,Marketing,Mumbai,2023-02-10,30065.0,90.5,4.1,sneha.rao@gmail.com,9279724704
EMP0810,Rahul Sharma,Sales,Mumbai,2021-07-13,85016.0,96.1,3.0,rahul.sharma@gmail.com,9647960971
EMP0811,Vikram Singh,Sales,Bengaluru,2024-02-22,34583.0,92.5,4.6,vikram.singh@gmail.com,9878542046
EMP0812,Aman Das,IT,Mumbai,2021-03-07,82563.0,98.6,4.1,aman.das@gmail.com,9908199028
EMP0813,Neha Gupta,IT,Bengaluru,2023-09-18,52389.0,90.0,2.5,neha.gupta@gmail.com,9842862979
EMP0814,Arjun Kumar,Information Technology,Hyderabad,2023-05-31,89077.0,85.3,4.7,arjun.kumar@gmail.com,9855162274
EMP0815,Neha Gupta,Finance,Pune,2020-06-15,72539.0,97.3,4.5,neha.gupta@gmail.com,9578004919
EMP0816,Priya Reddy,IT,Mumbai,2024-08-21,55346.0,95.3,5.0,priya.reddy@gmail.com,9233964179
EMP0817,Neha Gupta,IT,Bengaluru,2022-06-29,,92.0,4.3,neha.gupta@gmail.com,9305634099
EMP0818,Priya Reddy,Marketing,Chennai,2024-07-13,45352.0,75.9,3.7,priya.reddy@gmail.com,9855965460
EMP0819,Pooja Nair,HR,Hyderabad,2021-02-05,71840.0,81.9,3.8,pooja.nair@gmail.com,9283048386
EMP0820,Aman Das,HR,Pune,2023-10-08,67037.0,78.2,2.7,aman.das@gmail.com,9378769656
EMP0821,Pooja Nair,HR,Pune,2024-02-01,42573.0,92.3,3.8,pooja.nair@gmail.com,9371571930
EMP0822,Aman Das,Finance,Hyderabad,2022-05-24,72600.0,83.1,4.6,aman.das@gmail.com,9536879666
EMP0823,Vikram Singh,Sales,Pune,2022-08-13,63898.0,80.6,3.2,vikram.singh@gmail.com,9551038208
EMP0824,Aman Das,Finance,Chennai,2020-01-11,51935.0,95.2,5.0,aman.das@gmail.com,9342266216
EMP0825,Kiran Patel,Sales,Bengaluru,2021-02-07,50368.0,77.4,3.7,kiran.patel@gmail.com,9967646831
EMP0826,Rahul Sharma,Marketing,Chennai,2024-09-17,37067.0,83.5,2.6,rahul.sharma@gmail.com,9458187875
EMP0827,Aman Das,HR,Hyderabad,2024-05-07,58739.0,89.5,2.7,aman.das@gmail.com,9165162109
EMP0828,Rahul Sharma,Finance,Chennai,2024-10-02,81291.0,95.1,2.6,rahul.sharma@gmail.com,9755775616
EMP0829,Kiran Patel,Sales,Hyderabad,2023-10-19,33421.0,85.0,4.0,kiran.patel@gmail.com,9541423859
EMP0830,Sneha Rao,Marketing,Pune,2020-01-22,60422.0,90.5,3.3,sneha.rao@gmail.com,9825609063
EMP0831,Rahul Sharma,Finance,Pune,2021-11-03,37078.0,,4.3,rahul.sharma@gmail.com,9736607029
EMP0832,Sneha Rao,Marketing,Bengaluru,2023-07-29,53290.0,90.5,3.0,sneha.rao@gmail.com,9247824939
EMP0833,Rahul Sharma,Sales,Bengaluru,2021-09-30,63628.0,97.1,4.4,rahul.sharma@gmail.com,9258279275
EMP0834,Neha Gupta,IT,Pune,2021-12-03,30529.0,87.7,4.6,neha.gupta@gmail.com,9158634129
EMP0835,Kiran Patel,IT,Bengaluru,2021-02-14,43189.0,91.7,4.2,kiran.patel@gmail.com,9601869492
EMP0836,Pooja Nair,Information Technology,Chennai,2024-10-10,51997.0,79.1,3.6,pooja.nair@gmail.com,9947387796
EMP0837,Rahul Sharma,Finance,Bengaluru,2020-01-08,75430.0,80.3,3.7,rahul.sharma@gmail.com,9925007816
EMP0838,Anjali Verma,Information Technology,Mumbai,2021-02-24,84138.0,76.8,2.6,anjali.verma@gmail.com,9223683564
EMP0839,Arjun Kumar,IT,Mumbai,2021-02-02,89815.0,75.7,3.0,arjun.kumar@gmail.com,9286988502
EMP0840,Sneha Rao,IT,Bengaluru,2021-11-26,46119.0,79.4,3.2,sneha.rao@gmail.com,9208652175
EMP0841,Rahul Sharma,Information Technology,Bengaluru,2022-02-15,88000.0,80.3,3.6,rahul.sharma@gmail.com,9496898624
EMP0842,Anjali Verma,Information Technology,Bengaluru,2022-12-15,70842.0,76.6,2.9,anjali.verma@gmail.com,9240439719
EMP0843,Sneha Rao,HR,Pune,2022-02-13,50837.0,81.1,2.6,sneha.rao@gmail.com,9761455036
EMP0844,Pooja Nair,HR,Pune,2021-08-25,51474.0,94.9,4.7,pooja.nair@gmail.com,9645750195
EMP0845,Pooja Nair,Finance,Bengaluru,2024-01-29,60845.0,84.7,4.7,pooja.nair@gmail.com,9906526424
EMP0846,Aman Das,IT,Mumbai,2022-11-28,51091.0,87.1,4.9,aman.das@gmail.com,9608693948
EMP0847,Vikram Singh,Marketing,Mumbai,2023-07-30,68271.0,97.4,3.6,vikram.singh@gmail.com,9351668540
EMP0848,Kiran Patel,HR,Chennai,2022-05-20,67445.0,84.4,3.9,kiran.patel@gmail.com,9244236074
EMP0849,Priya Reddy,IT,Mumbai,2022-11-28,68270.0,90.5,3.6,priya.reddy@gmail.com,9602029048
EMP0850,Kiran Patel,Finance,Chennai,2024-07-05,47892.0,,3.6,kiran.patel@gmail.com,9385212538
EMP0851,Priya Reddy,IT,Hyderabad,2021-08-26,63606.0,98.2,2.7,priya.reddy@gmail.com,9176610062
EMP0852,Anjali Verma,Sales,Pune,2021-02-14,74243.0,93.6,4.4,anjali.verma@gmail.com,9394704072
EMP0853,Sneha Rao,Information Technology,Pune,2020-10-09,79308.0,,3.2,sneha.rao@gmail.com,9982947411
EMP0854,Anjali Verma,Finance,Mumbai,2024-08-10,72946.0,87.8,4.4,anjali.verma@gmail.com,9260289403
EMP0855,Kiran Patel,HR,Bengaluru,2024-01-21,61092.0,94.6,4.4,kiran.patel@gmail.com,9875789582
EMP0856,Neha Gupta,IT,Hyderabad,2021-10-03,58101.0,86.2,3.9,neha.gupta@gmail.com,9502331243
EMP0857,Arjun Kumar,Marketing,Bengaluru,2021-09-17,30634.0,95.9,3.3,arjun.kumar@gmail.com,9550056006
EMP0858,Kiran Patel,Information Technology,Mumbai,2024-04-11,65232.0,75.6,4.5,kiran.patel@gmail.com,9249394788
EMP0859,Arjun Kumar,IT,Pune,2023-07-13,89883.0,80.1,3.5,arjun.kumar@gmail.com,9673904893
EMP0860,Kiran Patel,HR,Mumbai,2020-08-10,59591.0,77.6,3.9,kiran.patel@gmail.com,9134423255
EMP0861,Pooja Nair,Finance,Hyderabad,2021-01-17,89725.0,80.8,4.1,pooja.nair@gmail.com,9175139840
EMP0862,Neha Gupta,Sales,Chennai,2022-11-27,,85.3,2.9,neha.gupta@gmail.com,9218910413
EMP0863,Arjun Kumar,Marketing,Mumbai,2022-09-06,55493.0,80.1,3.6,arjun.kumar@gmail.com,9862004093
EMP0864,Neha Gupta,HR,Pune,2023-03-23,68501.0,92.1,3.2,neha.gupta@gmail.com,9107992185
EMP0865,Arjun Kumar,Finance,Hyderabad,2024-08-15,82924.0,97.8,4.7,arjun.kumar@gmail.com,9594140885
EMP0866,Neha Gupta,Marketing,Hyderabad,2024-02-18,72355.0,96.1,4.5,neha.gupta@gmail.com,9519930083
EMP0867,Pooja Nair,HR,Mumbai,2021-05-25,70483.0,97.8,3.0,pooja.nair@gmail.com,9710545999
EMP0868,Priya Reddy,Finance,Hyderabad,2021-05-05,40350.0,88.4,4.2,priya.reddy@gmail.com,9171665678
EMP0869,Sneha Rao,Finance,Mumbai,2024-04-09,54165.0,87.6,4.4,sneha.rao@gmail.com,9540337297
EMP0870,Neha Gupta,HR,Chennai,2021-02-28,60288.0,92.4,4.4,neha.gupta@gmail.com,9509262673
EMP0871,Anjali Verma,Information Technology,Mumbai,2024-10-18,32475.0,92.7,2.8,anjali.verma@gmail.com,9819724388
EMP0872,Neha Gupta,Finance,Mumbai,2020-05-19,73058.0,85.9,3.7,neha.gupta@gmail.com,9399726314
EMP0873,Arjun Kumar,HR,Hyderabad,2023-05-28,49277.0,84.8,2.7,arjun.kumar@gmail.com,9919897502
EMP0874,Rahul Sharma,Information Technology,Chennai,2020-11-10,41661.0,97.3,3.8,rahul.sharma@gmail.com,9574656314
EMP0875,Rahul Sharma,Information Technology,Pune,2023-08-05,73256.0,82.7,2.6,rahul.sharma@gmail.com,9105009792
EMP0876,Rahul Sharma,Finance,Bengaluru,2021-05-26,45632.0,85.5,5.0,rahul.sharma@gmail.com,9461976234
EMP0877,Sneha Rao,Information Technology,Hyderabad,2021-03-27,36330.0,76.1,3.8,sneha.rao@gmail.com,9975769961
EMP0878,Anjali Verma,IT,Pune,2023-07-07,43573.0,78.0,3.0,anjali.verma@gmail.com,9482870919
EMP0879,Anjali Verma,HR,Hyderabad,2022-04-03,30785.0,80.5,4.1,anjali.verma@gmail.com,9398991596
EMP0880,Pooja Nair,IT,Hyderabad,2020-05-17,56941.0,87.5,5.0,pooja.nair@gmail.com,9865074455
EMP0881,Aman Das,Marketing,Bengaluru,2021-05-30,69312.0,92.4,4.2,aman.das@gmail.com,9928291327
EMP0882,Arjun Kumar,IT,Bengaluru,2023-07-25,75064.0,91.7,2.7,arjun.kumar@gmail.com,9118950252
EMP0883,Pooja Nair,Marketing,Mumbai,2022-02-22,78615.0,92.6,2.5,pooja.nair@gmail.com,9122777694
EMP0884,Pooja Nair,Sales,Chennai,2021-04-29,79626.0,76.5,3.4,pooja.nair@gmail.com,9418487640
EMP0885,Sneha Rao,HR,Mumbai,2021-02-22,45601.0,83.2,3.2,sneha.rao@gmail.com,9791062461
EMP0886,Rahul Sharma,Marketing,Mumbai,2023-08-20,79188.0,93.3,3.4,rahul.sharma@gmail.com,9320994787
EMP0887,Aman Das,Sales,Bengaluru,2024-06-29,77153.0,84.5,3.3,aman.das@gmail.com,9574981389
EMP0888,Rahul Sharma,Sales,Mumbai,2020-05-23,33414.0,78.1,2.9,rahul.sharma@gmail.com,9689320084
EMP0889,Sneha Rao,HR,Pune,2020-06-09,60610.0,79.9,3.6,sneha.rao@gmail.com,9750527812
EMP0890,Sneha Rao,IT,Chennai,2023-03-26,71654.0,94.5,2.7,sneha.rao@gmail.com,9486098163
EMP0891,Kiran Patel,Finance,Bengaluru,2022-08-22,63114.0,95.5,4.5,kiran.patel@gmail.com,9121271982
EMP0892,Kiran Patel,Finance,Hyderabad,2024-04-03,49675.0,79.4,3.5,kiran.patel@gmail.com,9428401021
EMP0893,Neha Gupta,IT,Mumbai,2023-02-25,34714.0,86.7,2.9,neha.gupta@gmail.com,9303609169
EMP0894,Rahul Sharma,Sales,Pune,2024-02-04,62207.0,98.5,4.9,rahul.sharma@gmail.com,9500661283
EMP0895,Kiran Patel,Finance,Chennai,2023-08-05,34668.0,99.8,2.8,kiran.patel@gmail.com,9707317600
EMP0896,Arjun Kumar,HR,Mumbai,2021-06-06,79255.0,87.2,4.2,arjun.kumar@gmail.com,9847813304
EMP0897,Rahul Sharma,Information Technology,Mumbai,2022-05-18,45882.0,95.3,4.1,rahul.sharma@gmail.com,9826306463
EMP0898,Rahul Sharma,Information Technology,Bengaluru,2021-06-19,74634.0,90.1,4.9,rahul.sharma@gmail.com,9273331369
EMP0899,Rahul Sharma,Sales,Hyderabad,2023-08-12,55188.0,99.4,2.7,rahul.sharma@gmail.com,9302747423
EMP0900,Kiran Patel,HR,Mumbai,2021-06-01,62810.0,93.3,4.4,kiran.patel@gmail.com,9881310467
EMP0901,Priya Reddy,Sales,Pune,2024-05-09,83361.0,80.2,4.4,priya.reddy@gmail.com,9850555192
EMP0902,Vikram Singh,Sales,Bengaluru,2024-07-29,36348.0,85.4,3.5,vikram.singh@gmail.com,9409602992
EMP0903,Kiran Patel,HR,Bengaluru,2022-02-06,38803.0,87.6,2.8,kiran.patel@gmail.com,9708910536
EMP0904,Sneha Rao,HR,Bengaluru,2020-04-30,83030.0,97.6,3.5,sneha.rao@gmail.com,9773061511
EMP0905,Pooja Nair,Sales,Bengaluru,2020-06-12,54754.0,83.6,4.0,pooja.nair@gmail.com,9613138122
EMP0906,Neha Gupta,Information Technology,Hyderabad,2020-01-20,79269.0,94.7,2.6,neha.gupta@gmail.com,9326632925
EMP0907,Aman Das,Sales,Mumbai,2023-05-19,79896.0,86.8,3.3,aman.das@gmail.com,9561122319
EMP0908,Anjali Verma,IT,Chennai,2021-10-07,53672.0,76.4,3.4,anjali.verma@gmail.com,9454608877
EMP0909,Priya Reddy,Sales,Mumbai,2024-11-17,77528.0,,2.8,priya.reddy@gmail.com,9669758914
EMP0910,Vikram Singh,Information Technology,Bengaluru,2022-01-24,74969.0,91.5,2.5,vikram.singh@gmail.com,9785125940
EMP0911,Anjali Verma,Sales,Chennai,2024-11-23,,80.8,3.7,anjali.verma@gmail.com,9893714928
EMP0912,Pooja Nair,Sales,Chennai,2022-05-26,61203.0,82.3,3.0,pooja.nair@gmail.com,9253718427
EMP0913,Aman Das,Marketing,Pune,2020-03-06,82220.0,91.8,3.9,aman.das@gmail.com,9601225954
EMP0914,Arjun Kumar,Finance,Hyderabad,2022-09-14,45787.0,93.8,4.1,arjun.kumar@gmail.com,9196026681
EMP0915,Priya Reddy,Finance,Hyderabad,2020-11-24,51397.0,80.5,3.1,priya.reddy@gmail.com,9611425712
EMP0916,Priya Reddy,Information Technology,Bengaluru,2022-12-30,62241.0,83.3,3.1,priya.reddy@gmail.com,9718445315
EMP0917,Pooja Nair,Sales,Chennai,2022-02-11,78691.0,94.6,4.9,pooja.nair@gmail.com,9569184646
EMP0918,Sneha Rao,HR,Chennai,2020-08-24,37299.0,89.8,3.0,sneha.rao@gmail.com,9224668108
EMP0919,Pooja Nair,IT,Bengaluru,2024-10-13,54916.0,89.8,3.0,pooja.nair@gmail.com,9516768084
EMP0920,Kiran Patel,IT,Chennai,2024-06-21,82203.0,90.0,3.1,kiran.patel@gmail.com,9524463440
EMP0921,Rahul Sharma,Marketing,Mumbai,2021-10-09,49452.0,86.4,4.0,rahul.sharma@gmail.com,9256627467
EMP0922,Rahul Sharma,Marketing,Chennai,2021-09-24,75128.0,96.2,3.9,rahul.sharma@gmail.com,9777613840
EMP0923,Sneha Rao,Finance,Chennai,2023-12-13,33854.0,92.9,4.6,sneha.rao@gmail.com,9970180403
EMP0924,Sneha Rao,Information Technology,Hyderabad,2024-11-07,86149.0,82.5,4.5,sneha.rao@gmail.com,9270932417
EMP0925,Rahul Sharma,Marketing,Mumbai,2021-11-22,61026.0,84.8,3.8,rahul.sharma@gmail.com,9403911749
EMP0926,Vikram Singh,Information Technology,Bengaluru,2023-12-06,55806.0,93.8,4.0,vikram.singh@gmail.com,9964439252
EMP0927,Rahul Sharma,Information Technology,Chennai,2022-07-26,67824.0,87.1,4.7,rahul.sharma@gmail.com,9325234901
EMP0928,Sneha Rao,Information Technology,Bengaluru,2024-02-14,53738.0,99.7,2.9,sneha.rao@gmail.com,9558607012
EMP0929,Arjun Kumar,Sales,Hyderabad,2021-12-29,41772.0,87.9,3.3,arjun.kumar@gmail.com,9565812219
EMP0930,Arjun Kumar,Information Technology,Mumbai,2021-05-16,,82.6,4.0,arjun.kumar@gmail.com,9285206511
EMP0931,Kiran Patel,Information Technology,Hyderabad,2024-05-11,83621.0,91.3,3.4,kiran.patel@gmail.com,9228849432
EMP0932,Priya Reddy,Sales,Hyderabad,2022-09-28,89538.0,,3.9,priya.reddy@gmail.com,9714857387
EMP0933,Neha Gupta,IT,Hyderabad,2024-06-14,55163.0,92.6,3.2,neha.gupta@gmail.com,9234471604
EMP0934,Priya Reddy,IT,Hyderabad,2024-01-01,82115.0,92.5,3.5,priya.reddy@gmail.com,9977744045
EMP0935,Aman Das,Marketing,Mumbai,2020-05-10,68320.0,80.2,4.1,aman.das@gmail.com,9225977908
EMP0936,Arjun Kumar,Marketing,Bengaluru,2020-01-11,82462.0,78.2,3.0,arjun.kumar@gmail.com,9273098204
EMP0937,Priya Reddy,Marketing,Chennai,2024-10-09,35545.0,84.1,3.9,priya.reddy@gmail.com,9554247901
EMP0938,Rahul Sharma,HR,Chennai,2020-04-04,64042.0,86.1,3.9,rahul.sharma@gmail.com,9846359545
EMP0939,Anjali Verma,Marketing,Chennai,2023-05-26,43752.0,76.1,2.6,anjali.verma@gmail.com,9252114137
EMP0940,Vikram Singh,HR,Bengaluru,2023-05-18,68783.0,93.2,3.6,vikram.singh@gmail.com,9690395452
EMP0941,Vikram Singh,IT,Mumbai,2023-08-23,56218.0,81.4,3.6,vikram.singh@gmail.com,9845730200
EMP0942,Arjun Kumar,Marketing,Bengaluru,2020-05-24,47655.0,89.1,4.1,arjun.kumar@gmail.com,9649141034
EMP0943,Pooja Nair,HR,Mumbai,2024-08-09,81628.0,99.1,3.1,pooja.nair@gmail.com,9390044760
EMP0944,Priya Reddy,Marketing,Hyderabad,2023-11-01,34322.0,84.1,3.3,priya.reddy@gmail.com,9393403177
EMP0945,Arjun Kumar,HR,Chennai,2020-01-21,44563.0,94.6,2.8,arjun.kumar@gmail.com,9665298949
EMP0946,Vikram Singh,Marketing,Mumbai,2020-07-14,75905.0,90.2,4.7,vikram.singh@gmail.com,9283338643
EMP0947,Anjali Verma,Finance,Bengaluru,2021-12-07,74421.0,78.2,2.5,anjali.verma@gmail.com,9651436667
EMP0948,Arjun Kumar,Information Technology,Bengaluru,2020-10-19,78196.0,93.1,4.9,arjun.kumar@gmail.com,9859674935
EMP0949,Sneha Rao,Information Technology,Pune,2022-05-06,41999.0,95.0,3.8,sneha.rao@gmail.com,9396162658
EMP0950,Kiran Patel,Marketing,Bengaluru,2021-09-17,35697.0,82.8,2.7,kiran.patel@gmail.com,9185335495
EMP0951,Priya Reddy,Information Technology,Bengaluru,2020-07-10,33762.0,88.9,3.7,priya.reddy@gmail.com,9111483320
EMP0952,Kiran Patel,Information Technology,Pune,2024-02-05,62624.0,90.4,4.8,kiran.patel@gmail.com,9900922563
EMP0953,Rahul Sharma,Information Technology,Mumbai,2023-12-09,52613.0,91.5,4.8,rahul.sharma@gmail.com,9667055316
EMP0954,Pooja Nair,Sales,Pune,2022-07-07,74205.0,84.2,2.8,pooja.nair@gmail.com,9479343890
EMP0955,Rahul Sharma,Finance,Mumbai,2022-02-15,37420.0,81.2,3.8,rahul.sharma@gmail.com,9922930671
EMP0956,Priya Reddy,IT,Chennai,2022-09-16,43963.0,89.2,3.0,priya.reddy@gmail.com,9427297760
EMP0957,Aman Das,Sales,Mumbai,2023-06-19,33768.0,,3.7,aman.das@gmail.com,9420351568
EMP0958,Anjali Verma,Sales,Hyderabad,2021-12-17,42200.0,77.5,3.7,anjali.verma@gmail.com,9190992937
EMP0959,Aman Das,Marketing,Bengaluru,2022-04-21,61943.0,91.4,3.1,aman.das@gmail.com,9524513309
EMP0960,Anjali Verma,IT,Chennai,2022-05-27,65155.0,86.0,4.6,anjali.verma@gmail.com,9273768263
EMP0961,Arjun Kumar,IT,Mumbai,2020-01-12,87050.0,82.1,2.8,arjun.kumar@gmail.com,9552105185
EMP0962,Anjali Verma,Sales,Bengaluru,2023-09-26,61411.0,87.2,3.7,anjali.verma@gmail.com,9832008973
EMP0963,Arjun Kumar,IT,Mumbai,2022-10-24,78620.0,98.9,4.5,arjun.kumar@gmail.com,9235424162
EMP0964,Arjun Kumar,IT,Pune,2020-01-28,45499.0,83.6,4.9,arjun.kumar@gmail.com,9891811110
EMP0965,Rahul Sharma,Finance,Mumbai,2021-08-15,35414.0,78.8,3.8,rahul.sharma@gmail.com,9367862922
EMP0966,Vikram Singh,Sales,Chennai,2023-12-06,83779.0,92.7,4.5,vikram.singh@gmail.com,9852848656
EMP0967,Aman Das,Marketing,Bengaluru,2021-01-21,68744.0,78.3,2.6,aman.das@gmail.com,9306348901
EMP0968,Arjun Kumar,Finance,Hyderabad,2023-06-16,86646.0,88.1,4.3,arjun.kumar@gmail.com,9348493551
EMP0969,Sneha Rao,IT,Mumbai,2022-09-08,57988.0,81.7,3.2,sneha.rao@gmail.com,9476909699
EMP0970,Kiran Patel,HR,Chennai,2020-04-07,30035.0,83.0,3.2,kiran.patel@gmail.com,9400818814
EMP0971,Pooja Nair,Sales,Mumbai,2021-01-13,62196.0,77.8,4.2,pooja.nair@gmail.com,9833324339
EMP0972,Aman Das,HR,Chennai,2022-01-08,53683.0,81.9,4.0,aman.das@gmail.com,9193663759
EMP0973,Priya Reddy,HR,Pune,2020-09-03,,86.1,2.7,priya.reddy@gmail.com,9686884756
EMP0974,Pooja Nair,IT,Chennai,2024-01-25,79872.0,78.8,2.8,pooja.nair@gmail.com,9549052318
EMP0975,Aman Das,Information Technology,Chennai,2024-12-01,85449.0,86.2,4.3,aman.das@gmail.com,9568286479
EMP0976,Priya Reddy,Finance,Mumbai,2022-12-08,63021.0,81.9,4.9,priya.reddy@gmail.com,9411016150
EMP0977,Rahul Sharma,Marketing,Hyderabad,2024-06-14,42464.0,88.3,3.8,rahul.sharma@gmail.com,9180515099
EMP0978,Arjun Kumar,Finance,Pune,2022-02-25,55575.0,80.2,2.5,arjun.kumar@gmail.com,9714070777
EMP0979,Sneha Rao,Marketing,Hyderabad,2024-12-05,63606.0,93.0,3.1,sneha.rao@gmail.com,9336584331
EMP0980,Vikram Singh,Information Technology,Chennai,2023-02-04,44675.0,82.3,4.1,vikram.singh@gmail.com,9398238769
EMP0981,Arjun Kumar,IT,Hyderabad,2023-08-08,83963.0,75.0,3.4,arjun.kumar@gmail.com,9749785103
EMP0982,Anjali Verma,IT,Hyderabad,2023-12-15,47304.0,90.3,3.3,anjali.verma@gmail.com,9161486139
EMP0983,Rahul Sharma,IT,Bengaluru,2024-02-05,41582.0,88.4,4.9,rahul.sharma@gmail.com,9935570846
EMP0984,Pooja Nair,Sales,Mumbai,2023-09-01,71040.0,80.5,3.2,pooja.nair@gmail.com,9724556746
EMP0985,Kiran Patel,HR,Mumbai,2021-04-19,58436.0,87.0,3.7,kiran.patel@gmail.com,9593266377
EMP0986,Arjun Kumar,HR,Bengaluru,2023-03-12,77807.0,75.5,2.9,arjun.kumar@gmail.com,9290840712
EMP0987,Kiran Patel,Information Technology,Pune,2021-01-19,34721.0,97.7,4.9,kiran.patel@gmail.com,9207625222
EMP0988,Aman Das,HR,Hyderabad,2023-05-20,55165.0,75.3,4.6,aman.das@gmail.com,9146965512
EMP0989,Arjun Kumar,HR,Hyderabad,2021-07-02,71116.0,75.2,4.5,arjun.kumar@gmail.com,9682365530
EMP0990,Anjali Verma,Information Technology,Hyderabad,2021-02-18,79785.0,82.7,3.7,anjali.verma@gmail.com,9361787772
EMP0991,Rahul Sharma,Marketing,Chennai,2023-07-09,31389.0,82.4,3.8,rahul.sharma@gmail.com,9998167196
EMP0992,Kiran Patel,HR,Hyderabad,2021-04-04,,83.8,3.2,kiran.patel@gmail.com,9834887664
EMP0993,Kiran Patel,Information Technology,Hyderabad,2022-10-04,37217.0,98.9,3.4,kiran.patel@gmail.com,9761099368
EMP0994,Anjali Verma,Sales,Chennai,2020-06-22,69616.0,88.3,4.0,anjali.verma@gmail.com,9829535965
EMP0995,Kiran Patel,HR,Chennai,2023-07-03,52831.0,87.5,3.4,kiran.patel@gmail.com,9384972125
EMP0996,Priya Reddy,Sales,Bengaluru,2024-05-11,50988.0,93.0,4.5,priya.reddy@gmail.com,9613712459
EMP0997,Priya Reddy,Sales,Pune,2022-05-25,48250.0,99.9,3.0,priya.reddy@gmail.com,9513409285
EMP0998,Anjali Verma,IT,Mumbai,2022-05-18,57128.0,98.6,4.8,anjali.verma@gmail.com,9511441988
EMP0999,Kiran Patel,Marketing,Mumbai,2023-01-08,64896.0,89.5,3.6,kiran.patel@gmail.com,9720490097
EMP1000,Sneha Rao,Information Technology,Hyderabad,2021-04-26,43322.0,86.8,2.8,sneha.rao@gmail.com,9218279447
EMP0001,Priya Reddy,Sales,Chennai,2021-05-16,78265.0,97.3,2.7,priya.reddy@gmail.com,9553035110
EMP0002,Rahul Sharma,Sales,Hyderabad,2021-03-23,69453.0,92.9,4.3,rahul.sharma@gmail.com,9550455977
EMP0003,Sneha Rao,Finance,Pune,2021-07-23,30425.0,83.5,2.9,sneha.rao@gmail.com,9919795579
EMP0004,Anjali Verma,Sales,Hyderabad,2022-02-17,85541.0,95.2,4.3,anjali.verma@gmail.com,9675770529
EMP0005,Priya Reddy,Finance,Hyderabad,2023-02-04,71198.0,92.6,2.6,priya.reddy@gmail.com,9344703907
EMP0006,Vikram Singh,Sales,Bengaluru,2024-11-09,48217.0,84.1,3.4,vikram.singh@gmail.com,9324956459
EMP0007,Vikram Singh,Information Technology,Hyderabad,2023-06-01,65005.0,84.5,5.0,vikram.singh@gmail.com,9787194506
EMP0008,Aman Das,HR,Chennai,2024-09-22,33665.0,95.1,3.5,aman.das@gmail.com,9171069472
EMP0009,Sneha Rao,Marketing,Chennai,2021-03-11,55928.0,78.5,4.4,sneha.rao@gmail.com,9678722458
EMP0010,Vikram Singh,Information Technology,Pune,2022-05-27,56175.0,99.9,3.8,vikram.singh@gmail.com,9197613238
EMP0011,Rahul Sharma,Sales,Bengaluru,2023-07-09,74596.0,84.6,4.0,rahul.sharma@gmail.com,9602564736
EMP0012,Aman Das,IT,Pune,2024-10-28,74583.0,88.4,3.2,aman.das@gmail.com,9788227492
EMP0013,Anjali Verma,Sales,Chennai,2022-06-09,30212.0,94.0,3.8,anjali.verma@gmail.com,9214257751
EMP0014,Vikram Singh,Information Technology,Pune,2023-06-01,54504.0,94.5,3.8,vikram.singh@gmail.com,9100614068
EMP0015,Pooja Nair,IT,Mumbai,2020-02-09,53788.0,81.0,3.9,pooja.nair@gmail.com,9184564737
EMP0016,Priya Reddy,Information Technology,Mumbai,2024-07-29,79846.0,86.9,3.9,priya.reddy@gmail.com,9384602384
EMP0017,Aman Das,Marketing,Mumbai,2021-03-09,79497.0,85.0,4.2,aman.das@gmail.com,9500957212
EMP0018,Neha Gupta,Marketing,Mumbai,2020-09-04,34196.0,,3.9,neha.gupta@gmail.com,9731832764
EMP0019,Sneha Rao,Sales,Hyderabad,2023-12-20,45003.0,96.5,2.7,sneha.rao@gmail.com,9355555531
EMP0020,Vikram Singh,Information Technology,Mumbai,2021-03-14,77405.0,86.8,3.5,vikram.singh@gmail.com,9201281557
